date,actual consumption,predicted_consumption,population,demand
2017-01-01,3121791,3107430.2,,
2017-01-02,3054157,3029603.0,,
2017-01-03,2996857,2999093.2,,
2017-01-04,2925951,2959689.8,,
2017-01-05,2973448,2988117.2,,
2017-01-06,2988771,3018546.2,,
2017-01-07,3101631,2988605.0,,
2017-01-08,3028404,3037247.0,,
2017-01-09,3032140,3034087.8,,
2017-01-10,3075216,2995211.0,,
2017-01-11,2983821,2980800.8,,
2017-01-12,2952968,2979237.0,,
2017-01-13,3037112,3025556.8,,
2017-01-14,3004636,3034149.0,,
2017-01-15,3111073,3065331.5,,
2017-01-16,3136158,3075547.5,,
2017-01-17,2980402,3006435.5,,
2017-01-18,3079153,2994740.0,,
2017-01-19,3028031,2986257.5,,
2017-01-20,3008207,3017451.8,,
2017-01-21,2932204,2984666.2,,
2017-01-22,3101101,3085978.5,,
2017-01-23,2999355,3007695.0,,
2017-01-24,2923517,2989800.8,,
2017-01-25,3069914,3030407.0,,
2017-01-26,2992626,3007448.5,,
2017-01-27,3037671,3016265.8,,
2017-01-28,3086310,3058876.0,,
2017-01-29,3041727,3056392.2,,
2017-01-30,3115474,3096766.5,,
2017-01-31,3102275,3103058.0,,
2017-02-01,3147335,3121558.5,,
2017-02-02,3119018,3064142.2,,
2017-02-03,3063469,3077736.2,,
2017-02-04,2988157,3032232.0,,
2017-02-05,3013244,3027681.0,,
2017-02-06,3085554,3073307.5,,
2017-02-07,3061906,3032501.2,,
2017-02-08,3107427,3063959.8,,
2017-02-09,3133921,3065852.5,,
2017-02-10,3073127,3068577.8,,
2017-02-11,3076446,3072609.0,,
2017-02-12,3116191,3093335.0,,
2017-02-13,2971838,3022268.0,,
2017-02-14,3118498,3055348.5,,
2017-02-15,3027918,3049505.8,,
2017-02-16,3033462,3052061.0,,
2017-02-17,2942692,3064870.2,,
2017-02-18,3107864,3075594.5,,
2017-02-19,3103986,3081998.0,,
2017-02-20,2933409,3011947.2,,
2017-02-21,3044306,3044887.0,,
2017-02-22,3044281,3101013.2,,
2017-02-23,3108128,3070324.8,,
2017-02-24,3102933,3080042.2,,
2017-02-25,3059866,3083636.0,,
2017-02-26,3148631,3080733.2,,
2017-02-27,2977544,3027589.5,,
2017-02-28,3133844,3037040.0,,
2017-03-01,3138489,3096608.2,,
2017-03-02,2970445,3041258.0,,
2017-03-03,3146048,3098921.5,,
2017-03-04,2944462,3022657.5,,
2017-03-05,2988506,3012147.8,,
2017-03-06,3164311,3077415.0,,
2017-03-07,2975257,3022459.0,,
2017-03-08,2961077,3053111.2,,
2017-03-09,3013587,3049742.2,,
2017-03-10,3071866,3061015.2,,
2017-03-11,3105972,3064623.8,,
2017-03-12,3056691,3083368.2,,
2017-03-13,3003611,3026892.8,,
2017-03-14,3076000,3068519.2,,
2017-03-15,3063034,3044789.5,,
2017-03-16,2969698,3042789.2,,
2017-03-17,3051868,3065310.8,,
2017-03-18,2967957,3065308.8,,
2017-03-19,3103036,3073070.5,,
2017-03-20,3070685,3065799.8,,
2017-03-21,3110525,3063855.8,,
2017-03-22,3073681,3101120.5,,
2017-03-23,3128878,3082412.2,,
2017-03-24,3142797,3087431.8,,
2017-03-25,3102880,3093779.2,,
2017-03-26,2964380,3037115.5,,
2017-03-27,3175257,3064196.0,,
2017-03-28,3073161,3046169.2,,
2017-03-29,2957615,3018800.0,,
2017-03-30,3163018,3113911.5,,
2017-03-31,3159405,3097569.5,,
2017-04-01,3043923,3045975.8,,
2017-04-02,3101772,3086876.5,,
2017-04-03,3158927,3103047.8,,
2017-04-04,3141108,3089102.8,,
2017-04-05,2983723,3033828.2,,
2017-04-06,3069853,3049004.5,,
2017-04-07,3035010,3037180.0,,
2017-04-08,3038415,3079919.2,,
2017-04-09,3158395,3118347.0,,
2017-04-10,3021861,3056383.5,,
2017-04-11,3067626,3053291.5,,
2017-04-12,2968962,3052181.0,,
2017-04-13,3063365,3055615.2,,
2017-04-14,3175798,3063678.8,,
2017-04-15,3074470,3069716.0,,
2017-04-16,3073654,3105847.8,,
2017-04-17,3163433,3096290.0,,
2017-04-18,3011128,3069763.0,,
2017-04-19,3163130,3063360.2,,
2017-04-20,2962616,3037703.0,,
2017-04-21,3039439,3070694.2,,
2017-04-22,3165874,3135206.2,,
2017-04-23,3129408,3114245.5,,
2017-04-24,2996159,3061714.2,,
2017-04-25,3161503,3089597.2,,
2017-04-26,2950181,3020804.2,,
2017-04-27,2956972,3009139.8,,
2017-04-28,2977293,3018354.8,,
2017-04-29,3034300,3064408.2,,
2017-04-30,3134692,3133549.5,,
2017-05-01,3159778,3182844.0,,
2017-05-02,3182069,3185345.0,,
2017-05-03,3244766,3196312.5,,
2017-05-04,3199039,3192796.2,,
2017-05-05,3137698,3137765.2,,
2017-05-06,3188927,3171860.2,,
2017-05-07,3243508,3194572.0,,
2017-05-08,3126100,3144002.5,,
2017-05-09,3102187,3137284.0,,
2017-05-10,3076648,3129259.5,,
2017-05-11,3080512,3129189.0,,
2017-05-12,3222034,3150537.0,,
2017-05-13,3150190,3146927.0,,
2017-05-14,3180448,3177151.8,,
2017-05-15,3116409,3128305.8,,
2017-05-16,3173799,3153908.0,,
2017-05-17,3246988,3175094.5,,
2017-05-18,3173430,3158364.0,,
2017-05-19,3123979,3141951.8,,
2017-05-20,3126131,3138343.5,,
2017-05-21,3130706,3159262.0,,
2017-05-22,3258923,3206489.0,,
2017-05-23,3088711,3123745.8,,
2017-05-24,3202051,3160207.5,,
2017-05-25,3216049,3176012.0,,
2017-05-26,3081023,3111071.0,,
2017-05-27,3109111,3126466.5,,
2017-05-28,3177953,3156160.0,,
2017-05-29,3163921,3241082.0,,
2017-05-30,3271968,3256468.0,,
2017-05-31,3251854,3237240.2,,
2017-06-01,3272599,3251340.8,,
2017-06-02,3173912,3206787.2,,
2017-06-03,3279742,3277078.0,,
2017-06-04,3301335,3270415.2,,
2017-06-05,3175550,3183342.8,,
2017-06-06,3132085,3182947.2,,
2017-06-07,3176634,3173397.2,,
2017-06-08,3210619,3187304.2,,
2017-06-09,3125081,3174953.0,,
2017-06-10,3226717,3199605.5,,
2017-06-11,3253177,3215739.2,,
2017-06-12,3147163,3184739.5,,
2017-06-13,3089229,3195244.8,,
2017-06-14,3260910,3198375.0,,
2017-06-15,3311034,3205737.2,,
2017-06-16,3172359,3192916.2,,
2017-06-17,3084861,3184772.0,,
2017-06-18,3255660,3204816.0,,
2017-06-19,3115022,3200038.8,,
2017-06-20,3299223,3212730.5,,
2017-06-21,3204441,3215073.2,,
2017-06-22,3293432,3252681.0,,
2017-06-23,3250127,3233429.5,,
2017-06-24,3132652,3176186.5,,
2017-06-25,3176995,3224065.8,,
2017-06-26,3304246,3241206.2,,
2017-06-27,3156607,3189658.0,,
2017-06-28,3131295,3166192.2,,
2017-06-29,3134579,3181574.2,,
2017-06-30,3147138,3160629.2,,
2017-07-01,3145970,3183810.2,,
2017-07-02,3179391,3197265.8,,
2017-07-03,3294734,3272668.0,,
2017-07-04,3269938,3252294.2,,
2017-07-05,3187717,3184208.0,,
2017-07-06,3107341,3187996.0,,
2017-07-07,3137228,3185360.0,,
2017-07-08,3287603,3266363.2,,
2017-07-09,3283473,3278987.8,,
2017-07-10,3245803,3247463.5,,
2017-07-11,3204299,3259594.8,,
2017-07-12,3248962,3230690.5,,
2017-07-13,3299792,3226242.5,,
2017-07-14,3113731,3208189.8,,
2017-07-15,3285802,3225367.8,,
2017-07-16,3288506,3236990.0,,
2017-07-17,3202150,3245126.8,,
2017-07-18,3156015,3218558.2,,
2017-07-19,3148364,3217413.5,,
2017-07-20,3256800,3223930.5,,
2017-07-21,3324462,3235392.8,,
2017-07-22,3301774,3267364.8,,
2017-07-23,3096136,3159929.5,,
2017-07-24,3326565,3235794.2,,
2017-07-25,3218257,3259056.0,,
2017-07-26,3159924,3217646.2,,
2017-07-27,3204744,3196641.8,,
2017-07-28,3207974,3181987.5,,
2017-07-29,3256661,3214732.5,,
2017-07-30,3191615,3193204.5,,
2017-07-31,3220019,3219724.0,,
2017-08-01,3278453,3266223.8,,
2017-08-02,3203926,3234393.0,,
2017-08-03,3290787,3282789.0,,
2017-08-04,3205647,3248064.2,,
2017-08-05,3163425,3189643.0,,
2017-08-06,3335237,3231522.0,,
2017-08-07,3284267,3251447.5,,
2017-08-08,3298056,3264762.0,,
2017-08-09,3194669,3282126.2,,
2017-08-10,3320411,3287382.2,,
2017-08-11,3282170,3297912.5,,
2017-08-12,3105823,3232035.5,,
2017-08-13,3252863,3245558.2,,
2017-08-14,3163263,3217857.5,,
2017-08-15,3314803,3249656.8,,
2017-08-16,3118801,3254681.8,,
2017-08-17,3287210,3277672.8,,
2017-08-18,3164083,3244096.0,,
2017-08-19,3187092,3218756.8,,
2017-08-20,3131551,3188451.0,,
2017-08-21,3307658,3257835.2,,
2017-08-22,3307747,3260134.0,,
2017-08-23,3190592,3218364.2,,
2017-08-24,3330651,3292051.0,,
2017-08-25,3321261,3279877.8,,
2017-08-26,3242145,3231860.8,,
2017-08-27,3181830,3186255.5,,
2017-08-28,3309002,3266949.0,,
2017-08-29,3355392,3236369.8,,
2017-08-30,3239956,3243826.2,,
2017-08-31,2871174,2920241.5,,
2017-09-01,2829822,2837210.2,,
2017-09-02,2819090,2882936.5,,
2017-09-03,2991049,2957451.8,,
2017-09-04,3027691,2983150.8,,
2017-09-05,2884007,2893477.8,,
2017-09-06,2828167,2906325.5,,
2017-09-07,2907181,2897300.0,,
2017-09-08,2913484,2917165.2,,
2017-09-09,2836282,2965346.8,,
2017-09-10,3004059,3000495.0,,
2017-09-11,2929045,2971600.0,,
2017-09-12,2963906,2917448.5,,
2017-09-13,3010650,2947940.2,,
2017-09-14,2810009,2900718.0,,
2017-09-15,2925982,2922318.8,,
2017-09-16,2949211,2936189.0,,
2017-09-17,2857543,2941087.0,,
2017-09-18,3009689,2974207.5,,
2017-09-19,2920660,2923179.2,,
2017-09-20,2916768,2932307.8,,
2017-09-21,2834654,2897074.0,,
2017-09-22,2950650,2950965.8,,
2017-09-23,2861376,2862721.2,,
2017-09-24,2866273,2870632.0,,
2017-09-25,2937415,2913019.5,,
2017-09-26,2985631,2918034.2,,
2017-09-27,2981713,2976068.8,,
2017-09-28,2986100,2960973.0,,
2017-09-29,2917958,2964258.8,,
2017-09-30,3019968,3009278.0,,
2017-10-01,2871509,2881243.2,,
2017-10-02,2976309,2975630.8,,
2017-10-03,2942676,2953204.0,,
2017-10-04,2847309,2948775.0,,
2017-10-05,2969017,2914197.5,,
2017-10-06,2868856,2906222.0,,
2017-10-07,2952667,2968637.8,,
2017-10-08,3021213,3006550.5,,
2017-10-09,2909978,2950748.8,,
2017-10-10,2864555,2929897.0,,
2017-10-11,2994770,2970917.8,,
2017-10-12,2922870,2919270.2,,
2017-10-13,2893513,2926934.5,,
2017-10-14,3026410,2953026.2,,
2017-10-15,2916136,2940827.0,,
2017-10-16,2827713,2917835.2,,
2017-10-17,3048865,2960936.2,,
2017-10-18,2841896,2907116.8,,
2017-10-19,2943017,2939064.2,,
2017-10-20,2979621,2957764.2,,
2017-10-21,2930720,2925036.2,,
2017-10-22,2948955,2932874.5,,
2017-10-23,2822991,2861587.2,,
2017-10-24,2858859,2879294.8,,
2017-10-25,2815449,2876742.5,,
2017-10-26,2846618,2916369.8,,
2017-10-27,2976561,2975125.0,,
2017-10-28,3027870,2990305.0,,
2017-10-29,2899098,2942296.5,,
2017-10-30,2981472,3001403.8,,
2017-10-31,2841021,2941328.5,,
2017-11-01,2863550,2879531.5,,
2017-11-02,3042503,2968361.5,,
2017-11-03,2891933,2916644.2,,
2017-11-04,2910271,2905295.5,,
2017-11-05,2815631,2874692.8,,
2017-11-06,2867636,2909274.8,,
2017-11-07,2897459,2946326.0,,
2017-11-08,2995894,2954824.2,,
2017-11-09,2950421,2947408.0,,
2017-11-10,2899702,2929215.5,,
2017-11-11,3046856,2987805.2,,
2017-11-12,2864385,2921407.8,,
2017-11-13,3041884,2992229.2,,
2017-11-14,2921174,2929116.2,,
2017-11-15,2884894,2948343.5,,
2017-11-16,3006016,2951800.0,,
2017-11-17,2893869,2913139.0,,
2017-11-18,2955595,2922606.0,,
2017-11-19,2904804,2939255.5,,
2017-11-20,3027562,2997324.8,,
2017-11-21,2963967,2930009.2,,
2017-11-22,2911181,2920454.0,,
2017-11-23,2849974,2871953.5,,
2017-11-24,2890485,2886459.5,,
2017-11-25,2870444,2889463.8,,
2017-11-26,2859520,2882051.8,,
2017-11-27,2982605,2986691.5,,
2017-11-28,2886753,2939902.2,,
2017-11-29,3028279,2984172.0,,
2017-11-30,2866025,3031599.0,,
2017-12-01,2847133,2876626.0,,
2017-12-02,3004295,2979320.0,,
2017-12-03,3001152,2989414.5,,
2017-12-04,3038324,3034805.8,,
2017-12-05,2854841,2899482.2,,
2017-12-06,3023150,2973994.8,,
2017-12-07,2972031,2963386.0,,
2017-12-08,2849278,2896972.8,,
2017-12-09,2935825,2978279.0,,
2017-12-10,3035983,3007712.5,,
2017-12-11,3069572,3031313.8,,
2017-12-12,2958081,2935264.8,,
2017-12-13,2921466,2949729.2,,
2017-12-14,2997298,2939640.2,,
2017-12-15,2855124,2898587.8,,
2017-12-16,2929057,2921388.0,,
2017-12-17,2894696,2915628.0,,
2017-12-18,3056792,3018896.2,,
2017-12-19,2859938,2909068.5,,
2017-12-20,2924851,2924812.5,,
2017-12-21,2845245,2887004.0,,
2017-12-22,2928803,2926361.5,,
2017-12-23,2840276,2851776.8,,
2017-12-24,2912164,2885395.5,,
2017-12-25,2878239,2896494.8,,
2017-12-26,2980895,2947034.8,,
2017-12-27,3060962,3012849.8,,
2017-12-28,2903204,2992198.8,,
2017-12-29,2968646,2985149.2,,
2017-12-30,3080367,3058476.0,,
2017-12-31,2964082,2968351.2,,
2018-01-01,3123169,3129524.0,,
2018-01-02,3065168,3106669.8,,
2018-01-03,3198051,3178268.2,,
2018-01-04,3169224,3170010.8,,
2018-01-05,3266757,3228632.8,,
2018-01-06,3251532,3231065.5,,
2018-01-07,3159889,3177606.8,,
2018-01-08,3216290,3204555.0,,
2018-01-09,3156679,3199080.2,,
2018-01-10,3212406,3204275.8,,
2018-01-11,3143194,3171284.8,,
2018-01-12,3298605,3233226.5,,
2018-01-13,3231849,3238551.5,,
2018-01-14,3290417,3245630.5,,
2018-01-15,3086313,3152048.5,,
2018-01-16,3290152,3219728.2,,
2018-01-17,3094869,3154059.8,,
2018-01-18,3073946,3115555.5,,
2018-01-19,3211157,3214644.8,,
2018-01-20,3287083,3231944.0,,
2018-01-21,3171548,3180927.0,,
2018-01-22,3285600,3224533.0,,
2018-01-23,3199577,3209035.8,,
2018-01-24,3302841,3223880.5,,
2018-01-25,3129817,3176927.2,,
2018-01-26,3265955,3259423.0,,
2018-01-27,3254129,3226636.0,,
2018-01-28,3195964,3216205.5,,
2018-01-29,3263453,3216989.0,,
2018-01-30,3138322,3158514.2,,
2018-01-31,3316436,3274386.0,,
2018-02-01,3308047,3252570.2,,
2018-02-02,3111227,3151494.5,,
2018-02-03,3148988,3203076.0,,
2018-02-04,3306309,3196520.8,,
2018-02-05,3115389,3182580.8,,
2018-02-06,3161534,3207202.2,,
2018-02-07,3303996,3186940.0,,
2018-02-08,3297214,3231708.5,,
2018-02-09,3151145,3227668.2,,
2018-02-10,3170450,3195459.5,,
2018-02-11,3151639,3195376.5,,
2018-02-12,3331624,3265400.2,,
2018-02-13,3336397,3270328.5,,
2018-02-14,3265498,3256868.5,,
2018-02-15,3197308,3220717.2,,
2018-02-16,3267762,3233917.5,,
2018-02-17,3177066,3158096.5,,
2018-02-18,3149517,3171751.0,,
2018-02-19,3216679,3210125.0,,
2018-02-20,3276036,3241896.2,,
2018-02-21,3324628,3226872.2,,
2018-02-22,3104918,3183185.8,,
2018-02-23,3342221,3226309.0,,
2018-02-24,3100624,3171474.5,,
2018-02-25,3116035,3173708.8,,
2018-02-26,3306176,3308013.8,,
2018-02-27,3277984,3265248.0,,
2018-02-28,3198508,3255619.5,,
2018-03-01,3192376,3218529.5,,
2018-03-02,3204944,3171841.0,,
2018-03-03,3262770,3236495.0,,
2018-03-04,3097527,3184294.8,,
2018-03-05,3247439,3202730.2,,
2018-03-06,3269491,3209856.2,,
2018-03-07,3155412,3177989.0,,
2018-03-08,3174029,3217161.8,,
2018-03-09,3348484,3223470.5,,
2018-03-10,3107545,3184809.2,,
2018-03-11,3125634,3164852.2,,
2018-03-12,3227387,3260532.2,,
2018-03-13,3297498,3280666.0,,
2018-03-14,3342346,3245863.2,,
2018-03-15,3262677,3205306.2,,
2018-03-16,3262650,3226753.2,,
2018-03-17,3119202,3172636.0,,
2018-03-18,3182325,3186353.5,,
2018-03-19,3258674,3250349.8,,
2018-03-20,3230538,3242325.2,,
2018-03-21,3110788,3224437.5,,
2018-03-22,3139130,3187553.2,,
2018-03-23,3281412,3233584.8,,
2018-03-24,3258135,3196272.8,,
2018-03-25,3306146,3225878.5,,
2018-03-26,3337259,3329010.0,,
2018-03-27,3286235,3285781.0,,
2018-03-28,3268948,3275867.0,,
2018-03-29,3273982,3265337.2,,
2018-03-30,3183454,3210361.2,,
2018-03-31,3128340,3129653.2,,
2018-04-01,3122010,3157627.5,,
2018-04-02,3263022,3234784.8,,
2018-04-03,3185224,3257479.2,,
2018-04-04,3286889,3229742.5,,
2018-04-05,3286004,3226329.5,,
2018-04-06,3160171,3206297.2,,
2018-04-07,3173804,3175351.0,,
2018-04-08,3251998,3208800.2,,
2018-04-09,3301027,3263926.5,,
2018-04-10,3275347,3255795.5,,
2018-04-11,3360934,3256555.0,,
2018-04-12,3226629,3237715.0,,
2018-04-13,3250697,3225289.5,,
2018-04-14,3119844,3191382.2,,
2018-04-15,3164502,3197282.2,,
2018-04-16,3308869,3251209.0,,
2018-04-17,3366848,3271379.8,,
2018-04-18,3267796,3268141.0,,
2018-04-19,3258647,3253464.2,,
2018-04-20,3208983,3233691.2,,
2018-04-21,3330290,3222965.8,,
2018-04-22,3216681,3211240.2,,
2018-04-23,3209299,3242966.5,,
2018-04-24,3213583,3257986.2,,
2018-04-25,3339857,3283596.5,,
2018-04-26,3312360,3293900.2,,
2018-04-27,3245064,3248457.5,,
2018-04-28,3237660,3257846.0,,
2018-04-29,3350892,3269088.5,,
2018-04-30,3182624,3229549.8,,
2018-05-01,3321323,3414116.8,,
2018-05-02,3489660,3416604.5,,
2018-05-03,3432316,3462986.8,,
2018-05-04,3419316,3383546.0,,
2018-05-05,3491354,3346769.2,,
2018-05-06,3382108,3357456.5,,
2018-05-07,3249377,3296466.5,,
2018-05-08,3418658,3364357.2,,
2018-05-09,3328061,3354954.8,,
2018-05-10,3292792,3347506.5,,
2018-05-11,3362168,3324005.0,,
2018-05-12,3364503,3342104.5,,
2018-05-13,3323035,3345878.2,,
2018-05-14,3280621,3332619.5,,
2018-05-15,3247638,3356777.8,,
2018-05-16,3327955,3371079.8,,
2018-05-17,3435404,3373516.5,,
2018-05-18,3452979,3387051.0,,
2018-05-19,3481509,3425987.5,,
2018-05-20,3334611,3379306.5,,
2018-05-21,3432497,3381492.5,,
2018-05-22,3437983,3367699.2,,
2018-05-23,3408464,3372220.5,,
2018-05-24,3412666,3380583.2,,
2018-05-25,3283455,3375685.5,,
2018-05-26,3418573,3414401.5,,
2018-05-27,3411097,3401651.0,,
2018-05-28,3445018,3392884.8,,
2018-05-29,3260437,3380249.5,,
2018-05-30,3439005,3408927.0,,
2018-05-31,3327110,3343518.0,,
2018-06-01,3391483,3393946.8,,
2018-06-02,3345001,3386572.5,,
2018-06-03,3471151,3456163.0,,
2018-06-04,3373233,3355707.5,,
2018-06-05,3296138,3331890.8,,
2018-06-06,3285503,3320333.2,,
2018-06-07,3270668,3311843.2,,
2018-06-08,3278324,3322105.5,,
2018-06-09,3260893,3307124.2,,
2018-06-10,3303396,3322350.5,,
2018-06-11,3367261,3363313.5,,
2018-06-12,3443175,3378256.0,,
2018-06-13,3493629,3380751.5,,
2018-06-14,3349439,3366555.0,,
2018-06-15,3502847,3330481.2,,
2018-06-16,3371884,3352231.0,,
2018-06-17,3481849,3338902.8,,
2018-06-18,3469289,3385599.5,,
2018-06-19,3349036,3379453.5,,
2018-06-20,3411076,3397167.5,,
2018-06-21,3329580,3391238.2,,
2018-06-22,3277053,3371696.8,,
2018-06-23,3370965,3358033.0,,
2018-06-24,3278751,3349649.5,,
2018-06-25,3319286,3392187.5,,
2018-06-26,3331709,3397662.5,,
2018-06-27,3358301,3398425.8,,
2018-06-28,3498695,3413683.0,,
2018-06-29,3389997,3389574.5,,
2018-06-30,3331461,3373180.0,,
2018-07-01,3272180,3350420.8,,
2018-07-02,3359590,3391965.2,,
2018-07-03,3463855,3427324.2,,
2018-07-04,3293889,3372483.0,,
2018-07-05,3361140,3383795.2,,
2018-07-06,3357604,3356674.8,,
2018-07-07,3290329,3346258.8,,
2018-07-08,3284413,3387940.8,,
2018-07-09,3477302,3447580.5,,
2018-07-10,3513554,3457197.0,,
2018-07-11,3509540,3472315.5,,
2018-07-12,3391475,3420994.5,,
2018-07-13,3485277,3378291.2,,
2018-07-14,3286872,3364915.0,,
2018-07-15,3315948,3360567.8,,
2018-07-16,3335228,3385447.0,,
2018-07-17,3384859,3405486.5,,
2018-07-18,3290496,3399691.8,,
2018-07-19,3475523,3427988.5,,
2018-07-20,3434221,3418514.5,,
2018-07-21,3480949,3412995.5,,
2018-07-22,3448678,3380988.8,,
2018-07-23,3290627,3403087.8,,
2018-07-24,3418163,3422543.8,,
2018-07-25,3499674,3467490.2,,
2018-07-26,3511891,3462047.0,,
2018-07-27,3397467,3404278.5,,
2018-07-28,3423446,3427881.5,,
2018-07-29,3530493,3436588.2,,
2018-07-30,3400704,3422435.5,,
2018-07-31,3458847,3289866.8,,
2018-08-01,3422661,3419948.8,,
2018-08-02,3331298,3429438.8,,
2018-08-03,3305678,3444218.2,,
2018-08-04,3457943,3413403.0,,
2018-08-05,3398156,3355429.2,,
2018-08-06,3464509,3405048.0,,
2018-08-07,3451898,3414397.2,,
2018-08-08,3464047,3478851.8,,
2018-08-09,3507144,3496080.0,,
2018-08-10,3510862,3469408.5,,
2018-08-11,3332028,3466562.2,,
2018-08-12,3300642,3362370.2,,
2018-08-13,3398165,3409865.5,,
2018-08-14,3523370,3429431.5,,
2018-08-15,3352773,3433023.2,,
2018-08-16,3542197,3455519.0,,
2018-08-17,3506825,3423504.2,,
2018-08-18,3370955,3396855.2,,
2018-08-19,3467086,3411357.5,,
2018-08-20,3347509,3440016.0,,
2018-08-21,3418079,3446788.0,,
2018-08-22,3407431,3434984.2,,
2018-08-23,3378773,3436566.8,,
2018-08-24,3454432,3426601.2,,
2018-08-25,3491797,3460673.5,,
2018-08-26,3468164,3445873.2,,
2018-08-27,3431156,3435539.0,,
2018-08-28,3307898,3417750.2,,
2018-08-29,3549035,3478708.8,,
2018-08-30,3504396,3481177.8,,
2018-08-31,3185426,3179832.8,,
2018-09-01,3193586,3155342.8,,
2018-09-02,3109773,3072560.8,,
2018-09-03,3019233,3086911.0,,
2018-09-04,3042325,3057087.0,,
2018-09-05,3199249,3134169.5,,
2018-09-06,3028545,3043093.2,,
2018-09-07,2989301,3041570.8,,
2018-09-08,3113632,3091218.2,,
2018-09-09,3162568,3157903.0,,
2018-09-10,3078063,3089699.8,,
2018-09-11,2982453,3108599.2,,
2018-09-12,3193165,3123821.5,,
2018-09-13,3121930,3080821.0,,
2018-09-14,3079895,3056442.8,,
2018-09-15,3051639,3058059.8,,
2018-09-16,3058915,3058421.5,,
2018-09-17,3157993,3118863.5,,
2018-09-18,3011548,3046575.2,,
2018-09-19,3059514,3086251.0,,
2018-09-20,2988285,3063687.0,,
2018-09-21,3233257,3133090.8,,
2018-09-22,3067347,3079162.2,,
2018-09-23,3127915,3066350.5,,
2018-09-24,3192910,3149393.5,,
2018-09-25,3040314,3080139.0,,
2018-09-26,3192897,3147123.0,,
2018-09-27,3026346,3086946.8,,
2018-09-28,3093795,3091361.8,,
2018-09-29,3136293,3106966.8,,
2018-09-30,2992203,3047448.2,,
2018-10-01,3224563,3126553.8,,
2018-10-02,3152503,3138782.5,,
2018-10-03,3234178,3187805.8,,
2018-10-04,3132338,3080763.8,,
2018-10-05,3085332,3091616.5,,
2018-10-06,3160267,3113808.2,,
2018-10-07,3177955,3149777.8,,
2018-10-08,3147980,3129165.2,,
2018-10-09,3178219,3131677.2,,
2018-10-10,3209824,3176020.5,,
2018-10-11,3096122,3148656.2,,
2018-10-12,3006141,3068377.5,,
2018-10-13,3103766,3105750.2,,
2018-10-14,3128960,3123386.5,,
2018-10-15,3193227,3155030.0,,
2018-10-16,3008862,3062429.5,,
2018-10-17,3086462,3106525.8,,
2018-10-18,3014335,3062000.8,,
2018-10-19,3231648,3147675.5,,
2018-10-20,3019493,3068507.5,,
2018-10-21,3197288,3079673.2,,
2018-10-22,3096355,3145568.8,,
2018-10-23,3045268,3094705.2,,
2018-10-24,3104653,3114370.0,,
2018-10-25,3159201,3112666.5,,
2018-10-26,3066694,3113515.0,,
2018-10-27,3186552,3154728.2,,
2018-10-28,3222507,3119339.5,,
2018-10-29,3243056,3213631.2,,
2018-10-30,3121533,3162140.8,,
2018-10-31,3110599,3208868.8,,
2018-11-01,3080423,3109422.8,,
2018-11-02,3006650,3119152.2,,
2018-11-03,3102338,3110243.2,,
2018-11-04,3012024,3075892.8,,
2018-11-05,3027462,3066364.5,,
2018-11-06,3117304,3097391.0,,
2018-11-07,3220184,3211199.8,,
2018-11-08,3077214,3130646.5,,
2018-11-09,3222278,3156534.8,,
2018-11-10,3030227,3125810.0,,
2018-11-11,3213365,3183760.5,,
2018-11-12,3075338,3089101.0,,
2018-11-13,3173153,3132885.8,,
2018-11-14,3052910,3146006.8,,
2018-11-15,3221758,3152225.5,,
2018-11-16,3227252,3147311.8,,
2018-11-17,3065491,3062531.2,,
2018-11-18,3146513,3041116.8,,
2018-11-19,3187020,3179030.5,,
2018-11-20,3146718,3131772.2,,
2018-11-21,3121416,3146069.0,,
2018-11-22,3234279,3133612.5,,
2018-11-23,3085104,3138287.8,,
2018-11-24,3003441,3064931.5,,
2018-11-25,3059272,3071309.8,,
2018-11-26,3220997,3201534.5,,
2018-11-27,3254233,3201233.8,,
2018-11-28,3139344,3189613.0,,
2018-11-29,3196985,3191823.0,,
2018-11-30,3186576,3179766.2,,
2018-12-01,3213016,3195967.0,,
2018-12-02,3137909,3156483.2,,
2018-12-03,3241914,3196631.5,,
2018-12-04,3019476,3072092.0,,
2018-12-05,3243198,3197236.0,,
2018-12-06,3054172,3134433.5,,
2018-12-07,3183791,3165568.8,,
2018-12-08,3079816,3103501.2,,
2018-12-09,3239339,3197184.5,,
2018-12-10,3223480,3189089.0,,
2018-12-11,3177849,3177841.0,,
2018-12-12,3192755,3184741.2,,
2018-12-13,3265276,3145372.5,,
2018-12-14,3161899,3146816.0,,
2018-12-15,3085680,3064585.2,,
2018-12-16,3016881,3059780.2,,
2018-12-17,3121308,3167815.8,,
2018-12-18,3139201,3125894.0,,
2018-12-19,3237561,3171749.8,,
2018-12-20,3020219,3092657.0,,
2018-12-21,3162487,3136923.0,,
2018-12-22,3032097,3062563.0,,
2018-12-23,3077003,3058850.8,,
2018-12-24,3241233,3218970.2,,
2018-12-25,3084633,3107531.5,,
2018-12-26,3256354,3178913.0,,
2018-12-27,3235114,3203149.2,,
2018-12-28,3178067,3170891.5,,
2018-12-29,3135017,3157273.2,,
2018-12-30,3135397,3135417.8,,
2018-12-31,3247558,3248932.8,,
2019-01-01,3384850,3376380.8,,
2019-01-02,3289457,3299170.2,,
2019-01-03,3494160,3431599.5,,
2019-01-04,3254598,3361574.2,,
2019-01-05,3422559,3389451.5,,
2019-01-06,3342097,3395032.2,,
2019-01-07,3316483,3349917.2,,
2019-01-08,3464262,3365917.2,,
2019-01-09,3469698,3425864.2,,
2019-01-10,3510967,3462821.5,,
2019-01-11,3440688,3418097.5,,
2019-01-12,3473174,3445196.8,,
2019-01-13,3458703,3451114.8,,
2019-01-14,3397390,3361827.5,,
2019-01-15,3516232,3353991.0,,
2019-01-16,3279985,3399169.5,,
2019-01-17,3348982,3328265.5,,
2019-01-18,3325964,3318859.5,,
2019-01-19,3296578,3381599.2,,
2019-01-20,3501787,3416115.8,,
2019-01-21,3312026,3359730.2,,
2019-01-22,3357558,3384432.2,,
2019-01-23,3381259,3380516.8,,
2019-01-24,3428228,3390970.2,,
2019-01-25,3271656,3365592.0,,
2019-01-26,3473272,3406343.2,,
2019-01-27,3290310,3330731.8,,
2019-01-28,3333616,3349763.8,,
2019-01-29,3287766,3319452.5,,
2019-01-30,3347265,3351724.0,,
2019-01-31,3419374,3410725.0,,
2019-02-01,3344633,3359217.2,,
2019-02-02,3497710,3301693.5,,
2019-02-03,3425760,3399812.8,,
2019-02-04,3307295,3359010.2,,
2019-02-05,3329768,3369932.0,,
2019-02-06,3393821,3378867.2,,
2019-02-07,3321390,3375843.2,,
2019-02-08,3486534,3386275.2,,
2019-02-09,3385438,3425784.0,,
2019-02-10,3463550,3468052.2,,
2019-02-11,3480389,3441985.5,,
2019-02-12,3511221,3416806.5,,
2019-02-13,3293321,3415747.8,,
2019-02-14,3532193,3424303.2,,
2019-02-15,3488983,3419486.0,,
2019-02-16,3534439,3445233.8,,
2019-02-17,3281059,3365523.5,,
2019-02-18,3378523,3370859.5,,
2019-02-19,3308100,3363843.8,,
2019-02-20,3384632,3398168.8,,
2019-02-21,3306685,3374544.2,,
2019-02-22,3334711,3380430.5,,
2019-02-23,3463969,3399945.2,,
2019-02-24,3308411,3349918.8,,
2019-02-25,3431223,3421898.2,,
2019-02-26,3464519,3454906.0,,
2019-02-27,3414930,3414741.5,,
2019-02-28,3516270,3419831.0,,
2019-03-01,3456322,3388266.2,,
2019-03-02,3325048,3332715.5,,
2019-03-03,3427435,3418959.8,,
2019-03-04,3423466,3397146.2,,
2019-03-05,3525103,3398247.5,,
2019-03-06,3521343,3396988.8,,
2019-03-07,3451112,3385945.0,,
2019-03-08,3349649,3402024.8,,
2019-03-09,3478083,3433317.8,,
2019-03-10,3518433,3468345.0,,
2019-03-11,3456682,3450939.5,,
2019-03-12,3307561,3397881.2,,
2019-03-13,3483192,3424956.0,,
2019-03-14,3339111,3428184.2,,
2019-03-15,3506490,3432075.0,,
2019-03-16,3498018,3454403.0,,
2019-03-17,3373913,3403844.0,,
2019-03-18,3454312,3446775.2,,
2019-03-19,3320062,3392792.2,,
2019-03-20,3503129,3418651.8,,
2019-03-21,3395762,3400308.0,,
2019-03-22,3420993,3406806.2,,
2019-03-23,3359313,3403109.5,,
2019-03-24,3297600,3375945.5,,
2019-03-25,3523200,3488927.0,,
2019-03-26,3553358,3482416.5,,
2019-03-27,3484659,3464471.5,,
2019-03-28,3500723,3466963.2,,
2019-03-29,3492869,3446817.8,,
2019-03-30,3353708,3399801.0,,
2019-03-31,3338727,3341794.8,,
2019-04-01,3439194,3419171.2,,
2019-04-02,3309073,3344922.5,,
2019-04-03,3365926,3418460.0,,
2019-04-04,3422878,3436416.0,,
2019-04-05,3513731,3434649.2,,
2019-04-06,3438302,3457377.5,,
2019-04-07,3305970,3441907.8,,
2019-04-08,3378005,3411304.0,,
2019-04-09,3521412,3455723.0,,
2019-04-10,3502505,3462018.5,,
2019-04-11,3511718,3457427.5,,
2019-04-12,3302503,3443964.5,,
2019-04-13,3483667,3469412.8,,
2019-04-14,3529171,3481362.5,,
2019-04-15,3396161,3435043.2,,
2019-04-16,3339732,3442601.0,,
2019-04-17,3340928,3450034.2,,
2019-04-18,3464439,3454581.2,,
2019-04-19,3380022,3458844.2,,
2019-04-20,3490141,3470179.5,,
2019-04-21,3322706,3454202.5,,
2019-04-22,3430615,3426784.2,,
2019-04-23,3506790,3432551.5,,
2019-04-24,3468454,3443460.0,,
2019-04-25,3503066,3485307.2,,
2019-04-26,3518688,3476319.0,,
2019-04-27,3428393,3479787.5,,
2019-04-28,3477657,3486617.0,,
2019-04-29,3393552,3450950.2,,
2019-04-30,3375463,3423071.0,,
2019-05-01,3477770,3513928.2,,
2019-05-02,3468504,3472990.0,,
2019-05-03,3638530,3587763.8,,
2019-05-04,3631390,3605165.2,,
2019-05-05,3636498,3590388.5,,
2019-05-06,3614399,3559586.0,,
2019-05-07,3585985,3557277.8,,
2019-05-08,3656723,3577330.5,,
2019-05-09,3509112,3574544.8,,
2019-05-10,3537824,3565886.5,,
2019-05-11,3542072,3579609.2,,
2019-05-12,3627949,3592640.2,,
2019-05-13,3611659,3588242.0,,
2019-05-14,3684928,3563019.8,,
2019-05-15,3576972,3572973.2,,
2019-05-16,3660340,3575354.0,,
2019-05-17,3534801,3549705.5,,
2019-05-18,3632869,3604166.2,,
2019-05-19,3626504,3597884.8,,
2019-05-20,3588494,3591235.8,,
2019-05-21,3554922,3577166.2,,
2019-05-22,3447297,3551454.5,,
2019-05-23,3540194,3550793.0,,
2019-05-24,3509650,3539165.2,,
2019-05-25,3637453,3613094.8,,
2019-05-26,3612808,3607131.8,,
2019-05-27,3635990,3595412.5,,
2019-05-28,3538379,3558515.5,,
2019-05-29,3627690,3588975.8,,
2019-05-30,3548681,3575822.5,,
2019-05-31,3500871,3488300.8,,
2019-06-01,3636613,3596241.5,,
2019-06-02,3460538,3488904.5,,
2019-06-03,3499019,3552682.5,,
2019-06-04,3551607,3566900.5,,
2019-06-05,3505653,3562633.0,,
2019-06-06,3661198,3580136.8,,
2019-06-07,3539013,3548033.2,,
2019-06-08,3551345,3564365.5,,
2019-06-09,3518733,3566472.0,,
2019-06-10,3524555,3581192.0,,
2019-06-11,3692645,3565633.5,,
2019-06-12,3533180,3569072.8,,
2019-06-13,3506990,3575069.8,,
2019-06-14,3482565,3553597.5,,
2019-06-15,3551750,3575604.0,,
2019-06-16,3624093,3580596.0,,
2019-06-17,3691785,3590711.5,,
2019-06-18,3632611,3566020.5,,
2019-06-19,3697660,3593798.8,,
2019-06-20,3636957,3588196.0,,
2019-06-21,3715586,3580745.8,,
2019-06-22,3484690,3550449.2,,
2019-06-23,3452561,3539156.5,,
2019-06-24,3456209,3569971.5,,
2019-06-25,3672329,3607998.5,,
2019-06-26,3587337,3609887.2,,
2019-06-27,3544953,3585671.2,,
2019-06-28,3467559,3565871.5,,
2019-06-29,3631228,3589655.2,,
2019-06-30,3571823,3564860.8,,
2019-07-01,3514668,3582018.5,,
2019-07-02,3538167,3518008.8,,
2019-07-03,3522130,3553277.5,,
2019-07-04,3639170,3583469.2,,
2019-07-05,3669053,3574822.2,,
2019-07-06,3656119,3598035.2,,
2019-07-07,3484033,3563555.2,,
2019-07-08,3582575,3569982.5,,
2019-07-09,3491327,3569826.2,,
2019-07-10,3582343,3579634.8,,
2019-07-11,3678366,3588031.0,,
2019-07-12,3478706,3560621.5,,
2019-07-13,3631623,3591456.2,,
2019-07-14,3537853,3584643.2,,
2019-07-15,3563600,3581650.8,,
2019-07-16,3550078,3561847.2,,
2019-07-17,3548500,3567110.0,,
2019-07-18,3473065,3542654.2,,
2019-07-19,3503301,3562815.0,,
2019-07-20,3594227,3572128.0,,
2019-07-21,3466059,3543556.2,,
2019-07-22,3534272,3564688.0,,
2019-07-23,3555168,3562858.2,,
2019-07-24,3629901,3579098.2,,
2019-07-25,3672778,3632382.8,,
2019-07-26,3527005,3583612.0,,
2019-07-27,3638628,3577987.5,,
2019-07-28,3569143,3580573.5,,
2019-07-29,3558274,3583918.8,,
2019-07-30,3632843,3563003.5,,
2019-07-31,3477435,3494409.8,,
2019-08-01,3605761,3614581.2,,
2019-08-02,3509386,3539546.0,,
2019-08-03,3658079,3628819.2,,
2019-08-04,3556616,3604802.5,,
2019-08-05,3632493,3620142.2,,
2019-08-06,3678163,3617818.5,,
2019-08-07,3501267,3616164.5,,
2019-08-08,3658451,3626646.8,,
2019-08-09,3479982,3592908.0,,
2019-08-10,3735504,3640770.8,,
2019-08-11,3667095,3627740.2,,
2019-08-12,3644847,3630314.2,,
2019-08-13,3648779,3610933.2,,
2019-08-14,3737295,3616171.2,,
2019-08-15,3641918,3622096.2,,
2019-08-16,3614971,3604190.8,,
2019-08-17,3664808,3602128.5,,
2019-08-18,3488674,3536509.5,,
2019-08-19,3541002,3621462.0,,
2019-08-20,3685587,3630734.5,,
2019-08-21,3646923,3622309.0,,
2019-08-22,3629025,3603454.0,,
2019-08-23,3645844,3601089.0,,
2019-08-24,3565203,3591317.5,,
2019-08-25,3682754,3634759.2,,
2019-08-26,3751768,3664523.5,,
2019-08-27,3507123,3590172.2,,
2019-08-28,3732439,3641365.5,,
2019-08-29,3682296,3628184.8,,
2019-08-30,3511332,3549497.0,,
2019-08-31,3412067,3430171.5,,
2019-09-01,3379313,3370392.0,,
2019-09-02,3206102,3213266.2,,
2019-09-03,3279865,3244002.0,,
2019-09-04,3410544,3347554.2,,
2019-09-05,3337958,3323824.2,,
2019-09-06,3284529,3301297.5,,
2019-09-07,3311219,3326424.2,,
2019-09-08,3420871,3350100.0,,
2019-09-09,3214461,3267893.8,,
2019-09-10,3338099,3253677.0,,
2019-09-11,3399182,3335920.0,,
2019-09-12,3235745,3310250.2,,
2019-09-13,3242988,3300683.5,,
2019-09-14,3207178,3317029.2,,
2019-09-15,3384220,3304973.0,,
2019-09-16,3363231,3230348.0,,
2019-09-17,3178353,3236637.0,,
2019-09-18,3284655,3273209.0,,
2019-09-19,3214691,3302514.2,,
2019-09-20,3402553,3335002.5,,
2019-09-21,3416152,3334769.0,,
2019-09-22,3293031,3319064.5,,
2019-09-23,3331430,3283035.5,,
2019-09-24,3220083,3267765.2,,
2019-09-25,3174484,3339540.8,,
2019-09-26,3380075,3358169.5,,
2019-09-27,3172994,3306768.0,,
2019-09-28,3328228,3325344.8,,
2019-09-29,3280595,3316971.2,,
2019-09-30,3353103,3299359.5,,
2019-10-01,3181544,3308332.0,,
2019-10-02,3326794,3316143.5,,
2019-10-03,3177640,3274100.0,,
2019-10-04,3307345,3301227.8,,
2019-10-05,3165855,3288289.8,,
2019-10-06,3373415,3348746.5,,
2019-10-07,3336306,3305167.8,,
2019-10-08,3216430,3275429.8,,
2019-10-09,3301983,3322104.2,,
2019-10-10,3256547,3307612.0,,
2019-10-11,3203219,3303051.5,,
2019-10-12,3390666,3321685.8,,
2019-10-13,3228809,3330514.8,,
2019-10-14,3397620,3320230.2,,
2019-10-15,3351348,3244506.2,,
2019-10-16,3231476,3278390.8,,
2019-10-17,3349060,3311319.2,,
2019-10-18,3249068,3264846.8,,
2019-10-19,3375723,3316144.2,,
2019-10-20,3311253,3310748.5,,
2019-10-21,3353880,3330397.0,,
2019-10-22,3426091,3311584.8,,
2019-10-23,3332249,3307328.5,,
2019-10-24,3420033,3329759.5,,
2019-10-25,3190374,3327015.8,,
2019-10-26,3348132,3328312.5,,
2019-10-27,3264025,3306855.0,,
2019-10-28,3309673,3308780.2,,
2019-10-29,3276630,3269253.5,,
2019-10-30,3312621,3339524.0,,
2019-10-31,3310319,3301258.5,,
2019-11-01,3182396,3328285.0,,
2019-11-02,3318270,3295233.8,,
2019-11-03,3275134,3292803.0,,
2019-11-04,3291802,3283229.0,,
2019-11-05,3207609,3274563.0,,
2019-11-06,3411293,3335187.5,,
2019-11-07,3297100,3315970.5,,
2019-11-08,3236204,3266288.2,,
2019-11-09,3349553,3313608.2,,
2019-11-10,3403236,3333728.8,,
2019-11-11,3201331,3258744.8,,
2019-11-12,3180506,3246647.2,,
2019-11-13,3328817,3304498.5,,
2019-11-14,3325604,3310897.0,,
2019-11-15,3245368,3251539.0,,
2019-11-16,3203734,3283549.2,,
2019-11-17,3269852,3276046.2,,
2019-11-18,3210873,3247559.2,,
2019-11-19,3400639,3275034.5,,
2019-11-20,3420959,3309346.5,,
2019-11-21,3208003,3299808.8,,
2019-11-22,3192327,3298226.5,,
2019-11-23,3240132,3298610.5,,
2019-11-24,3389595,3288959.0,,
2019-11-25,3219610,3262087.2,,
2019-11-26,3184619,3250723.8,,
2019-11-27,3255696,3292493.8,,
2019-11-28,3233193,3290753.5,,
2019-11-29,3298109,3289538.8,,
2019-11-30,3422296,3352536.5,,
2019-12-01,3406430,3391474.2,,
2019-12-02,3259787,3262220.5,,
2019-12-03,3230402,3255198.8,,
2019-12-04,3306519,3338339.8,,
2019-12-05,3375524,3340878.0,,
2019-12-06,3357128,3333945.0,,
2019-12-07,3435098,3376337.0,,
2019-12-08,3283916,3331788.0,,
2019-12-09,3344125,3316947.8,,
2019-12-10,3292253,3289323.2,,
2019-12-11,3224684,3334732.0,,
2019-12-12,3339135,3314732.2,,
2019-12-13,3265970,3301930.0,,
2019-12-14,3423145,3356902.8,,
2019-12-15,3319465,3322995.2,,
2019-12-16,3248933,3269728.0,,
2019-12-17,3326173,3273939.2,,
2019-12-18,3238852,3297935.8,,
2019-12-19,3226796,3290944.8,,
2019-12-20,3190215,3264678.0,,
2019-12-21,3289984,3310347.8,,
2019-12-22,3302782,3304100.2,,
2019-12-23,3403500,3362151.0,,
2019-12-24,3322029,3297751.2,,
2019-12-25,3235638,3314750.2,,
2019-12-26,3452222,3340892.2,,
2019-12-27,3243518,3279355.8,,
2019-12-28,3309376,3318744.0,,
2019-12-29,3429985,3343917.2,,
2019-12-30,3346582,3338683.5,,
2019-12-31,3201310,3217176.5,,
2020-01-01,3690190,3675865.5,,
2020-01-02,3599816,3521247.2,,
2020-01-03,3637867,3620070.2,,
2020-01-04,3612598,3597352.2,,
2020-01-05,3516337,3582671.0,,
2020-01-06,3654731,3602586.0,,
2020-01-07,3655930,3602212.8,,
2020-01-08,3511649,3586455.2,,
2020-01-09,3620421,3605573.8,,
2020-01-10,3631372,3614887.0,,
2020-01-11,3672234,3589754.8,,
2020-01-12,3658775,3623253.5,,
2020-01-13,3475469,3530492.2,,
2020-01-14,3434936,3508144.8,,
2020-01-15,3467368,3512496.5,,
2020-01-16,3587030,3538573.0,,
2020-01-17,3536792,3509398.0,,
2020-01-18,3437136,3505302.8,,
2020-01-19,3661084,3598331.8,,
2020-01-20,3691866,3630924.5,,
2020-01-21,3466473,3549218.0,,
2020-01-22,3692067,3571790.5,,
2020-01-23,3468045,3551999.0,,
2020-01-24,3654533,3573085.8,,
2020-01-25,3555825,3563559.5,,
2020-01-26,3441709,3526911.2,,
2020-01-27,3582786,3583092.5,,
2020-01-28,3590933,3560155.8,,
2020-01-29,3521296,3533601.8,,
2020-01-30,3459295,3517428.8,,
2020-01-31,3524846,3521220.0,,
2020-02-01,3679099,3668838.0,,
2020-02-02,3447940,3486888.0,,
2020-02-03,3649342,3585992.8,,
2020-02-04,3585704,3585925.8,,
2020-02-05,3632484,3588190.5,,
2020-02-06,3619441,3596269.5,,
2020-02-07,3671609,3581502.0,,
2020-02-08,3564997,3573830.2,,
2020-02-09,3603004,3588483.0,,
2020-02-10,3618378,3621368.8,,
2020-02-11,3485901,3580901.5,,
2020-02-12,3499040,3567092.2,,
2020-02-13,3583551,3572139.8,,
2020-02-14,3511219,3567857.0,,
2020-02-15,3573039,3585399.5,,
2020-02-16,3652396,3618748.2,,
2020-02-17,3452785,3546077.5,,
2020-02-18,3665476,3584089.0,,
2020-02-19,3610976,3583955.8,,
2020-02-20,3565583,3569656.0,,
2020-02-21,3511227,3564694.5,,
2020-02-22,3568523,3571787.0,,
2020-02-23,3682828,3600839.8,,
2020-02-24,3508703,3565016.0,,
2020-02-25,3705290,3635722.8,,
2020-02-26,3689240,3614858.0,,
2020-02-27,3516306,3551114.2,,
2020-02-28,3453996,3521663.8,,
2020-02-29,3494873,3532229.2,,
2020-03-01,3614077,3602104.2,,
2020-03-02,3589742,3583097.0,,
2020-03-03,3538567,3589545.2,,
2020-03-04,3458447,3582095.5,,
2020-03-05,3594929,3590069.2,,
2020-03-06,3629217,3587739.8,,
2020-03-07,3647887,3593694.2,,
2020-03-08,3468157,3569722.5,,
2020-03-09,3553707,3600694.2,,
2020-03-10,3634328,3600297.8,,
2020-03-11,3455782,3539616.8,,
2020-03-12,3710268,3540766.5,,
2020-03-13,3555237,3570128.0,,
2020-03-14,3678715,3589508.5,,
2020-03-15,3570718,3604746.8,,
2020-03-16,3694548,3615289.5,,
2020-03-17,3693140,3596965.5,,
2020-03-18,3519774,3566792.5,,
2020-03-19,3457864,3576954.2,,
2020-03-20,3683507,3584898.0,,
2020-03-21,3550700,3576175.0,,
2020-03-22,3627126,3604431.2,,
2020-03-23,3727912,3658016.8,,
2020-03-24,3525999,3631133.8,,
2020-03-25,3573989,3624941.2,,
2020-03-26,3579910,3612602.0,,
2020-03-27,3716034,3621134.8,,
2020-03-28,3524535,3595499.0,,
2020-03-29,3526369,3601819.8,,
2020-03-30,3557926,3653331.5,,
2020-03-31,3596590,3597401.5,,
2020-04-01,3704056,3696495.8,,
2020-04-02,3515211,3557874.0,,
2020-04-03,3653420,3646326.5,,
2020-04-04,3704320,3672340.0,,
2020-04-05,3711929,3671090.5,,
2020-04-06,3498533,3602059.5,,
2020-04-07,3655405,3624617.5,,
2020-04-08,3710234,3637883.0,,
2020-04-09,3685741,3638847.2,,
2020-04-10,3632371,3622954.5,,
2020-04-11,3590580,3633132.2,,
2020-04-12,3724954,3675915.0,,
2020-04-13,3604902,3608571.8,,
2020-04-14,3594757,3603631.5,,
2020-04-15,3693141,3613787.5,,
2020-04-16,3537762,3613570.8,,
2020-04-17,3506209,3597398.0,,
2020-04-18,3734276,3668243.5,,
2020-04-19,3728513,3687043.5,,
2020-04-20,3676975,3636734.0,,
2020-04-21,3600125,3617898.8,,
2020-04-22,3539526,3594433.5,,
2020-04-23,3473948,3587838.5,,
2020-04-24,3516996,3595367.0,,
2020-04-25,3655024,3671061.8,,
2020-04-26,3732940,3675770.8,,
2020-04-27,3693588,3634298.2,,
2020-04-28,3711445,3640899.0,,
2020-04-29,3720268,3667932.2,,
2020-04-30,3704009,3672566.2,,
2020-05-01,3735536,3735299.8,,
2020-05-02,3668713,3655996.5,,
2020-05-03,3858785,3745274.5,,
2020-05-04,3655034,3687418.8,,
2020-05-05,3716966,3702711.5,,
2020-05-06,3616729,3699712.5,,
2020-05-07,3633599,3694219.8,,
2020-05-08,3733613,3694219.0,,
2020-05-09,3612856,3689286.8,,
2020-05-10,3690805,3735345.2,,
2020-05-11,3873304,3764432.8,,
2020-05-12,3667509,3711744.5,,
2020-05-13,3779537,3723343.0,,
2020-05-14,3805109,3715209.2,,
2020-05-15,3727990,3704890.8,,
2020-05-16,3627581,3729703.2,,
2020-05-17,3781452,3759690.2,,
2020-05-18,3622850,3729486.2,,
2020-05-19,3655130,3710791.5,,
2020-05-20,3770820,3738104.8,,
2020-05-21,3659170,3720046.5,,
2020-05-22,3832096,3725866.0,,
2020-05-23,3857671,3762074.0,,
2020-05-24,3816669,3766324.2,,
2020-05-25,3742268,3742501.0,,
2020-05-26,3624499,3708397.8,,
2020-05-27,3726830,3745355.8,,
2020-05-28,3820381,3779444.8,,
2020-05-29,3765713,3758687.2,,
2020-05-30,3778946,3799372.2,,
2020-05-31,3733668,3761627.5,,
2020-06-01,3831633,3812942.2,,
2020-06-02,3754630,3739897.5,,
2020-06-03,3819516,3755499.8,,
2020-06-04,3670311,3742363.2,,
2020-06-05,3653412,3721813.2,,
2020-06-06,3826621,3795158.5,,
2020-06-07,3896129,3808312.8,,
2020-06-08,3779138,3752979.5,,
2020-06-09,3696544,3743851.0,,
2020-06-10,3663172,3751406.8,,
2020-06-11,3625499,3763810.0,,
2020-06-12,3647954,3773027.8,,
2020-06-13,3818368,3814098.5,,
2020-06-14,3856900,3835379.8,,
2020-06-15,3834971,3802786.2,,
2020-06-16,3621155,3773445.0,,
2020-06-17,3827124,3783874.8,,
2020-06-18,3843396,3795543.2,,
2020-06-19,3898016,3810663.2,,
2020-06-20,3802827,3810323.5,,
2020-06-21,3885849,3820995.2,,
2020-06-22,3702888,3800686.8,,
2020-06-23,3822853,3775439.0,,
2020-06-24,3732375,3799509.0,,
2020-06-25,3805632,3834307.8,,
2020-06-26,3781939,3775951.2,,
2020-06-27,3765479,3801275.2,,
2020-06-28,3892040,3839862.8,,
2020-06-29,3881218,3832597.2,,
2020-06-30,3892963,3818928.8,,
2020-07-01,3690989,3780266.2,,
2020-07-02,3731140,3724784.8,,
2020-07-03,3660747,3734020.5,,
2020-07-04,3876086,3778678.2,,
2020-07-05,3723043,3735053.2,,
2020-07-06,3700310,3724821.5,,
2020-07-07,3672421,3734078.2,,
2020-07-08,3769516,3756530.2,,
2020-07-09,3888653,3759359.8,,
2020-07-10,3768381,3757552.5,,
2020-07-11,3853408,3814839.0,,
2020-07-12,3911616,3830960.5,,
2020-07-13,3790968,3795219.0,,
2020-07-14,3715050,3762823.8,,
2020-07-15,3858673,3779937.8,,
2020-07-16,3738567,3778605.5,,
2020-07-17,3693308,3746551.0,,
2020-07-18,3833862,3772931.8,,
2020-07-19,3650681,3764716.2,,
2020-07-20,3844295,3816651.0,,
2020-07-21,3858710,3793046.0,,
2020-07-22,3740066,3761233.5,,
2020-07-23,3890396,3756655.5,,
2020-07-24,3748899,3772140.0,,
2020-07-25,3896191,3844077.5,,
2020-07-26,3719197,3788533.0,,
2020-07-27,3745651,3763570.5,,
2020-07-28,3720920,3745090.5,,
2020-07-29,3805507,3809515.2,,
2020-07-30,3891531,3834789.8,,
2020-07-31,3774298,3775818.2,,
2020-08-01,3788991,3778594.5,,
2020-08-02,3840591,3685710.5,,
2020-08-03,3655117,3725634.5,,
2020-08-04,3801747,3724876.2,,
2020-08-05,3762549,3738252.8,,
2020-08-06,3822360,3748000.2,,
2020-08-07,3715010,3712654.0,,
2020-08-08,3673706,3703728.5,,
2020-08-09,3649383,3698277.8,,
2020-08-10,3802186,3771385.5,,
2020-08-11,3742906,3729755.0,,
2020-08-12,3691006,3740478.8,,
2020-08-13,3658949,3746697.8,,
2020-08-14,3646636,3730411.5,,
2020-08-15,3877637,3759756.2,,
2020-08-16,3908215,3816623.8,,
2020-08-17,3831969,3800400.2,,
2020-08-18,3863376,3714198.5,,
2020-08-19,3786452,3771236.2,,
2020-08-20,3901648,3777099.5,,
2020-08-21,3863576,3767344.8,,
2020-08-22,3769780,3762794.8,,
2020-08-23,3678087,3739138.8,,
2020-08-24,3744343,3773030.0,,
2020-08-25,3848203,3833990.8,,
2020-08-26,3842390,3812781.5,,
2020-08-27,3906265,3783209.0,,
2020-08-28,3685699,3729278.8,,
2020-08-29,3671542,3756021.8,,
2020-08-30,3847682,3788378.5,,
2020-08-31,3805392,3794622.2,,
2020-09-01,3542266,3548613.8,,
2020-09-02,3374709,3447662.5,,
2020-09-03,3459429,3480705.5,,
2020-09-04,3477411,3472546.2,,
2020-09-05,3318134,3447941.0,,
2020-09-06,3400987,3455280.0,,
2020-09-07,3480856,3464729.8,,
2020-09-08,3494151,3444451.0,,
2020-09-09,3395442,3431969.2,,
2020-09-10,3411116,3432186.0,,
2020-09-11,3429354,3425349.5,,
2020-09-12,3380881,3440380.5,,
2020-09-13,3441074,3451218.5,,
2020-09-14,3541449,3485073.0,,
2020-09-15,3364700,3374983.2,,
2020-09-16,3348096,3426687.2,,
2020-09-17,3553405,3470129.0,,
2020-09-18,3353202,3416132.2,,
2020-09-19,3336358,3419632.5,,
2020-09-20,3462048,3422197.2,,
2020-09-21,3348665,3449729.5,,
2020-09-22,3427696,3400324.2,,
2020-09-23,3398123,3428700.5,,
2020-09-24,3489800,3478010.5,,
2020-09-25,3553663,3475488.2,,
2020-09-26,3464186,3430372.8,,
2020-09-27,3388858,3410002.8,,
2020-09-28,3469217,3467540.5,,
2020-09-29,3319816,3412927.8,,
2020-09-30,3506644,3491598.0,,
2020-10-01,3474191,3518734.5,,
2020-10-02,3475886,3461129.2,,
2020-10-03,3457738,3476484.2,,
2020-10-04,3569679,3497433.8,,
2020-10-05,3562992,3510735.8,,
2020-10-06,3357807,3443148.8,,
2020-10-07,3551497,3480136.5,,
2020-10-08,3553247,3455472.2,,
2020-10-09,3395088,3426631.8,,
2020-10-10,3407784,3437298.0,,
2020-10-11,3510709,3458747.0,,
2020-10-12,3347704,3409675.8,,
2020-10-13,3332160,3400812.8,,
2020-10-14,3566422,3421233.5,,
2020-10-15,3335957,3401296.2,,
2020-10-16,3546254,3415740.8,,
2020-10-17,3389377,3413860.0,,
2020-10-18,3328941,3388544.0,,
2020-10-19,3523551,3478655.2,,
2020-10-20,3350677,3440938.8,,
2020-10-21,3543597,3419792.8,,
2020-10-22,3349448,3419618.8,,
2020-10-23,3612517,3492257.0,,
2020-10-24,3434380,3451762.8,,
2020-10-25,3440720,3461849.2,,
2020-10-26,3349639,3399182.5,,
2020-10-27,3438110,3413882.2,,
2020-10-28,3498029,3458219.8,,
2020-10-29,3333921,3436192.5,,
2020-10-30,3492007,3461754.0,,
2020-10-31,3393917,3409138.2,,
2020-11-01,3443302,3454768.8,,
2020-11-02,3360704,3387835.5,,
2020-11-03,3497307,3438526.2,,
2020-11-04,3364053,3438747.2,,
2020-11-05,3445197,3439131.0,,
2020-11-06,3407722,3463937.2,,
2020-11-07,3571385,3527443.5,,
2020-11-08,3491044,3497847.5,,
2020-11-09,3576555,3529783.8,,
2020-11-10,3553251,3486609.2,,
2020-11-11,3597769,3496675.0,,
2020-11-12,3440537,3483113.2,,
2020-11-13,3523690,3474128.2,,
2020-11-14,3623577,3552017.0,,
2020-11-15,3426624,3473434.5,,
2020-11-16,3474797,3471200.8,,
2020-11-17,3389813,3465779.2,,
2020-11-18,3442609,3433878.5,,
2020-11-19,3508604,3503345.0,,
2020-11-20,3457974,3486958.5,,
2020-11-21,3527548,3504209.8,,
2020-11-22,3573932,3515875.2,,
2020-11-23,3615132,3588257.2,,
2020-11-24,3593695,3547129.8,,
2020-11-25,3520372,3526978.2,,
2020-11-26,3541137,3500716.2,,
2020-11-27,3391514,3444649.0,,
2020-11-28,3447057,3482274.2,,
2020-11-29,3513896,3493470.2,,
2020-11-30,3621829,3589219.8,,
2020-12-01,3561268,3522149.2,,
2020-12-02,3367654,3402235.5,,
2020-12-03,3493348,3471900.0,,
2020-12-04,3502298,3463256.2,,
2020-12-05,3377252,3453304.2,,
2020-12-06,3618956,3555680.5,,
2020-12-07,3482049,3516865.5,,
2020-12-08,3462252,3482555.0,,
2020-12-09,3483494,3495394.2,,
2020-12-10,3612972,3513088.5,,
2020-12-11,3371734,3503670.2,,
2020-12-12,3561020,3533137.2,,
2020-12-13,3364279,3528173.2,,
2020-12-14,3504024,3519346.2,,
2020-12-15,3423031,3452242.8,,
2020-12-16,3481755,3488237.8,,
2020-12-17,3597850,3533724.8,,
2020-12-18,3491077,3504404.5,,
2020-12-19,3606136,3548513.2,,
2020-12-20,3462853,3486229.0,,
2020-12-21,3621823,3595634.5,,
2020-12-22,3397128,3481430.8,,
2020-12-23,3501820,3472881.0,,
2020-12-24,3515888,3506322.2,,
2020-12-25,3469652,3488840.2,,
2020-12-26,3457802,3484075.2,,
2020-12-27,3429227,3459288.8,,
2020-12-28,3496677,3516008.2,,
2020-12-29,3440476,3456493.5,,
2020-12-30,3501463,3516661.5,,
2020-12-31,3517821,3505549.2,,
2021-01-01,3845245,3722055.5,,
2021-01-02,3614011,3627021.2,,
2021-01-03,3865741,3726225.0,,
2021-01-04,3772579,3748186.5,,
2021-01-05,3759964,3749379.2,,
2021-01-06,3697878,3735574.0,,
2021-01-07,3857451,3796239.2,,
2021-01-08,3820785,3788018.2,,
2021-01-09,3624150,3707050.8,,
2021-01-10,3864835,3816146.0,,
2021-01-11,3775516,3771785.0,,
2021-01-12,3647914,3699489.2,,
2021-01-13,3767639,3695270.8,,
2021-01-14,3603707,3714962.8,,
2021-01-15,3729527,3730062.5,,
2021-01-16,3773599,3718306.2,,
2021-01-17,3634474,3670997.8,,
2021-01-18,3693656,3698999.0,,
2021-01-19,3662211,3668518.8,,
2021-01-20,3640017,3680672.2,,
2021-01-21,3610146,3687593.2,,
2021-01-22,3673463,3728999.8,,
2021-01-23,3791723,3751794.8,,
2021-01-24,3724441,3709575.8,,
2021-01-25,3796070,3786230.5,,
2021-01-26,3845396,3784456.2,,
2021-01-27,3647503,3692826.2,,
2021-01-28,3866746,3828774.2,,
2021-01-29,3819266,3814731.2,,
2021-01-30,3833773,3816313.0,,
2021-01-31,3670875,3654488.2,,
2021-02-01,3673371,3738683.8,,
2021-02-02,3780483,3762361.2,,
2021-02-03,3678041,3717155.5,,
2021-02-04,3707660,3748480.8,,
2021-02-05,3836569,3801495.8,,
2021-02-06,3702471,3769875.5,,
2021-02-07,3637812,3814397.8,,
2021-02-08,3884698,3819518.2,,
2021-02-09,3891226,3810825.8,,
2021-02-10,3904033,3822303.5,,
2021-02-11,3844872,3802378.2,,
2021-02-12,3811365,3799680.5,,
2021-02-13,3840288,3791831.0,,
2021-02-14,3849774,3822760.5,,
2021-02-15,3777766,3767064.2,,
2021-02-16,3678812,3767278.2,,
2021-02-17,3813476,3766824.0,,
2021-02-18,3835409,3780186.0,,
2021-02-19,3860699,3796729.0,,
2021-02-20,3675606,3711334.5,,
2021-02-21,3647846,3709726.2,,
2021-02-22,3888337,3837492.2,,
2021-02-23,3687203,3749731.5,,
2021-02-24,3707192,3752399.8,,
2021-02-25,3713444,3751603.0,,
2021-02-26,3753757,3746235.5,,
2021-02-27,3624074,3651449.5,,
2021-02-28,3736731,3710281.5,,
2021-03-01,3770637,3762850.0,,
2021-03-02,3852658,3782025.5,,
2021-03-03,3740502,3733571.0,,
2021-03-04,3726982,3733806.8,,
2021-03-05,3830445,3773332.8,,
2021-03-06,3772918,3748640.5,,
2021-03-07,3825071,3784279.0,,
2021-03-08,3716078,3780751.8,,
2021-03-09,3658047,3773894.8,,
2021-03-10,3858831,3792082.2,,
2021-03-11,3631764,3734541.0,,
2021-03-12,3702393,3739422.2,,
2021-03-13,3728799,3762566.5,,
2021-03-14,3797537,3800449.8,,
2021-03-15,3752497,3754845.8,,
2021-03-16,3882256,3768006.2,,
2021-03-17,3687915,3739608.5,,
2021-03-18,3716291,3744155.0,,
2021-03-19,3857477,3793844.2,,
2021-03-20,3698544,3729294.8,,
2021-03-21,3850310,3749117.0,,
2021-03-22,3831760,3845409.5,,
2021-03-23,3775436,3787140.0,,
2021-03-24,3896156,3810700.5,,
2021-03-25,3863425,3828228.8,,
2021-03-26,3762114,3808449.2,,
2021-03-27,3702361,3738998.8,,
2021-03-28,3790855,3799192.2,,
2021-03-29,3915136,3908134.2,,
2021-03-30,3853291,3858870.0,,
2021-03-31,3836797,3770405.8,,
2021-04-01,3881039,3839574.0,,
2021-04-02,3820015,3839378.2,,
2021-04-03,3773386,3774494.5,,
2021-04-04,3892679,3833096.2,,
2021-04-05,3753878,3797762.2,,
2021-04-06,3796293,3815380.5,,
2021-04-07,3876949,3817644.5,,
2021-04-08,3890535,3833972.2,,
2021-04-09,3915445,3833818.8,,
2021-04-10,3692336,3793870.5,,
2021-04-11,3855813,3831825.8,,
2021-04-12,3850932,3831853.2,,
2021-04-13,3754832,3790916.8,,
2021-04-14,3659853,3775361.5,,
2021-04-15,3890655,3801076.0,,
2021-04-16,3758150,3792386.8,,
2021-04-17,3923566,3811647.8,,
2021-04-18,3709195,3724702.2,,
2021-04-19,3703605,3741707.8,,
2021-04-20,3862335,3775344.2,,
2021-04-21,3763979,3774692.2,,
2021-04-22,3746325,3762332.5,,
2021-04-23,3809346,3792266.8,,
2021-04-24,3806144,3796818.8,,
2021-04-25,3660933,3761777.8,,
2021-04-26,3723979,3773694.0,,
2021-04-27,3890178,3805801.2,,
2021-04-28,3847265,3878133.2,,
2021-04-29,3915499,3910506.0,,
2021-04-30,3909483,3889612.5,,
2021-05-01,3867239,3845893.5,,
2021-05-02,4048911,3831059.8,,
2021-05-03,3939440,3931095.2,,
2021-05-04,3933114,3933756.8,,
2021-05-05,4016823,3941182.2,,
2021-05-06,3824212,3931330.5,,
2021-05-07,3866449,3919122.0,,
2021-05-08,3882353,3921380.2,,
2021-05-09,3836212,3880360.0,,
2021-05-10,4086468,3998950.8,,
2021-05-11,4010287,3970064.0,,
2021-05-12,4059013,3973153.0,,
2021-05-13,3981580,3948607.0,,
2021-05-14,3847394,3926640.8,,
2021-05-15,3903624,3911382.2,,
2021-05-16,3826342,3857786.2,,
2021-05-17,3924741,3936973.0,,
2021-05-18,3835058,3884236.0,,
2021-05-19,3947147,3923047.0,,
2021-05-20,3898757,3897488.5,,
2021-05-21,3871201,3922208.5,,
2021-05-22,4061786,3948836.0,,
2021-05-23,3845662,3892402.5,,
2021-05-24,3934280,3934067.8,,
2021-05-25,3964821,3967923.2,,
2021-05-26,3880705,3927031.8,,
2021-05-27,3971234,3985534.0,,
2021-05-28,4084210,4019068.0,,
2021-05-29,4025535,4009848.2,,
2021-05-30,3929611,3956302.2,,
2021-05-31,3965906,3969831.0,,
2021-06-01,3951446,3914495.8,,
2021-06-02,3828613,3898661.0,,
2021-06-03,4064041,3975868.0,,
2021-06-04,3838463,3917581.5,,
2021-06-05,3889826,3885127.2,,
2021-06-06,4014322,3914486.0,,
2021-06-07,3846113,3888842.0,,
2021-06-08,3868721,3966016.5,,
2021-06-09,3992529,3974929.0,,
2021-06-10,3900663,3969837.2,,
2021-06-11,4052971,3990042.2,,
2021-06-12,3954303,3983195.0,,
2021-06-13,3949532,3948965.0,,
2021-06-14,3987432,3966225.8,,
2021-06-15,3921829,3937833.8,,
2021-06-16,3962063,3939023.0,,
2021-06-17,3944672,3952286.8,,
2021-06-18,3940664,3944227.8,,
2021-06-19,3932516,3958251.8,,
2021-06-20,3841431,3868747.5,,
2021-06-21,3976241,3977463.2,,
2021-06-22,4019048,3941877.5,,
2021-06-23,3964895,3934951.5,,
2021-06-24,3867401,3960705.8,,
2021-06-25,4108212,4028959.5,,
2021-06-26,3952829,3981192.0,,
2021-06-27,4032450,3975963.8,,
2021-06-28,3962592,3943121.5,,
2021-06-29,3849278,3885373.2,,
2021-06-30,3844818,3890067.8,,
2021-07-01,3930931,3965164.5,,
2021-07-02,4119267,4012208.5,,
2021-07-03,3873357,3930349.2,,
2021-07-04,3962658,3955102.0,,
2021-07-05,3869817,3961184.5,,
2021-07-06,4023409,3988109.5,,
2021-07-07,4017541,3970989.5,,
2021-07-08,4025642,4017463.0,,
2021-07-09,4022891,4025809.8,,
2021-07-10,4012486,4006723.0,,
2021-07-11,4076339,4041697.5,,
2021-07-12,4104905,4057676.8,,
2021-07-13,4048953,3996701.0,,
2021-07-14,3888040,3977657.5,,
2021-07-15,4014091,3996280.8,,
2021-07-16,4110065,3982094.5,,
2021-07-17,3877455,3943067.8,,
2021-07-18,3869066,3888516.2,,
2021-07-19,3966994,3961612.2,,
2021-07-20,3998801,3988578.0,,
2021-07-21,4050696,3992257.2,,
2021-07-22,3953214,3961091.5,,
2021-07-23,4040730,3989035.8,,
2021-07-24,3986460,3992594.0,,
2021-07-25,4109974,4066649.5,,
2021-07-26,3926997,3951099.2,,
2021-07-27,3864797,3899702.0,,
2021-07-28,3870717,3926503.5,,
2021-07-29,4055980,4045321.8,,
2021-07-30,3990243,4017286.0,,
2021-07-31,4075520,4036005.2,,
2021-08-01,3875075,3886234.0,,
2021-08-02,4089880,4027406.2,,
2021-08-03,3968632,3979488.8,,
2021-08-04,3900772,3946331.0,,
2021-08-05,4056123,3978415.8,,
2021-08-06,3963051,3968427.0,,
2021-08-07,4049986,3944476.2,,
2021-08-08,3904430,3935183.5,,
2021-08-09,4060865,4040754.5,,
2021-08-10,3907614,3984986.8,,
2021-08-11,3915190,3991796.2,,
2021-08-12,4042538,3994822.8,,
2021-08-13,3915181,3962661.2,,
2021-08-14,4072146,3991449.0,,
2021-08-15,4127126,3952902.0,,
2021-08-16,3994476,3996896.8,,
2021-08-17,4041609,3967896.5,,
2021-08-18,3863050,3885835.8,,
2021-08-19,3974564,3973770.8,,
2021-08-20,3984359,3949168.8,,
2021-08-21,4129143,3970755.2,,
2021-08-22,3903633,3942057.2,,
2021-08-23,3935521,3983780.8,,
2021-08-24,4128990,4042602.5,,
2021-08-25,3911260,4034242.8,,
2021-08-26,4104904,4056463.5,,
2021-08-27,4027758,4014832.5,,
2021-08-28,3945985,3996226.2,,
2021-08-29,3995449,4004302.2,,
2021-08-30,4114919,3871805.8,,
2021-08-31,3734955,3763669.2,,
2021-09-01,3481311,3519793.5,,
2021-09-02,3526951,3543644.2,,
2021-09-03,3731866,3683447.8,,
2021-09-04,3507516,3589949.2,,
2021-09-05,3636106,3616331.2,,
2021-09-06,3733046,3663848.2,,
2021-09-07,3690561,3685157.8,,
2021-09-08,3675793,3694689.5,,
2021-09-09,3711553,3677327.2,,
2021-09-10,3614032,3642101.5,,
2021-09-11,3651031,3645028.5,,
2021-09-12,3739808,3683685.2,,
2021-09-13,3663277,3585945.5,,
2021-09-14,3600033,3620776.2,,
2021-09-15,3571787,3601507.0,,
2021-09-16,3699156,3692013.2,,
2021-09-17,3736609,3708330.8,,
2021-09-18,3705330,3653344.0,,
2021-09-19,3730728,3697225.2,,
2021-09-20,3691551,3647681.8,,
2021-09-21,3510735,3609583.8,,
2021-09-22,3736492,3620161.8,,
2021-09-23,3542369,3568511.8,,
2021-09-24,3671957,3625265.2,,
2021-09-25,3701437,3661184.8,,
2021-09-26,3502942,3529165.2,,
2021-09-27,3630642,3632390.8,,
2021-09-28,3617685,3603786.2,,
2021-09-29,3755021,3695385.0,,
2021-09-30,3678396,3676509.8,,
2021-10-01,3620986,3596463.0,,
2021-10-02,3492847,3512507.8,,
2021-10-03,3775581,3573525.2,,
2021-10-04,3686397,3684294.5,,
2021-10-05,3768227,3708368.8,,
2021-10-06,3771168,3725630.2,,
2021-10-07,3597488,3656745.8,,
2021-10-08,3688235,3671057.2,,
2021-10-09,3758426,3679492.5,,
2021-10-10,3494580,3556739.5,,
2021-10-11,3509754,3557771.8,,
2021-10-12,3658337,3619489.2,,
2021-10-13,3661615,3628897.2,,
2021-10-14,3743583,3669186.2,,
2021-10-15,3570531,3623422.0,,
2021-10-16,3628159,3669258.2,,
2021-10-17,3586111,3606505.8,,
2021-10-18,3576367,3578890.8,,
2021-10-19,3763413,3649897.8,,
2021-10-20,3542616,3607300.2,,
2021-10-21,3665302,3625854.8,,
2021-10-22,3669599,3663199.0,,
2021-10-23,3622004,3601647.2,,
2021-10-24,3740901,3515103.5,,
2021-10-25,3494933,3557491.8,,
2021-10-26,3591656,3585614.8,,
2021-10-27,3741256,3684920.5,,
2021-10-28,3651077,3639889.2,,
2021-10-29,3535640,3578196.0,,
2021-10-30,3524315,3558923.0,,
2021-10-31,3497760,3502719.5,,
2021-11-01,3692553,3674666.2,,
2021-11-02,3599161,3645774.8,,
2021-11-03,3515952,3715126.5,,
2021-11-04,3615345,3634715.0,,
2021-11-05,3552659,3627735.5,,
2021-11-06,3683039,3661376.0,,
2021-11-07,3621841,3620028.0,,
2021-11-08,3710490,3718449.8,,
2021-11-09,3796907,3725223.2,,
2021-11-10,3612640,3648800.8,,
2021-11-11,3668143,3651733.0,,
2021-11-12,3708805,3645279.5,,
2021-11-13,3667760,3666315.5,,
2021-11-14,3636571,3647573.2,,
2021-11-15,3567918,3580469.8,,
2021-11-16,3734319,3638639.2,,
2021-11-17,3739053,3687108.5,,
2021-11-18,3511248,3591169.5,,
2021-11-19,3641980,3675253.2,,
2021-11-20,3625276,3641629.0,,
2021-11-21,3515557,3553732.8,,
2021-11-22,3788722,3699857.0,,
2021-11-23,3656180,3611952.2,,
2021-11-24,3683285,3652609.2,,
2021-11-25,3766864,3680233.8,,
2021-11-26,3595522,3625046.8,,
2021-11-27,3752522,3689719.5,,
2021-11-28,3519543,3542467.2,,
2021-11-29,3560398,3593149.0,,
2021-11-30,3616888,3606630.5,,
2021-12-01,3755607,3729313.8,,
2021-12-02,3709295,3715581.8,,
2021-12-03,3795858,3773170.5,,
2021-12-04,3797176,3741856.5,,
2021-12-05,3639665,3636429.2,,
2021-12-06,3696200,3724657.5,,
2021-12-07,3757027,3739889.2,,
2021-12-08,3554882,3672823.5,,
2021-12-09,3538767,3640881.8,,
2021-12-10,3705486,3658854.5,,
2021-12-11,3647390,3674885.8,,
2021-12-12,3512896,3581395.2,,
2021-12-13,3532037,3565019.5,,
2021-12-14,3514878,3617183.2,,
2021-12-15,3593483,3601871.0,,
2021-12-16,3711124,3693491.5,,
2021-12-17,3714934,3706896.2,,
2021-12-18,3767977,3734543.0,,
2021-12-19,3788654,3736431.2,,
2021-12-20,3738701,3733067.0,,
2021-12-21,3728392,3664835.2,,
2021-12-22,3523234,3593083.8,,
2021-12-23,3523111,3546309.5,,
2021-12-24,3557118,3587498.8,,
2021-12-25,3726347,3646968.0,,
2021-12-26,3541994,3534077.8,,
2021-12-27,3642163,3641356.2,,
2021-12-28,3732966,3598539.8,,
2021-12-29,3569011,3578905.2,,
2021-12-30,3585164,3589537.2,,
2021-12-31,3616139,3598731.8,,
