Date,pH,Electrical Conductivity @ 25C (Âµs/cm),TDS (mg/L),Alkalinity (mg/L),Hardness (mg/L),Calcium (mg/L),Magnesium (mg/L),Iron (mg/L),Chloride (mg/L),Sulphate (mg/L),Nitrate (mg/L),Fluoride (mg/L)
11/21/2016,6.14,1025,645,152,236,61.5,20.1,0.09,188,110,42.3,0.51
10/23/2017,6.73,1190,738,202,268,78.8,17.3,0.01,224,34.1,5.4,0.2
10/30/2017,6.274682185637674,1104.1897030870725,665.5890733594606,158.34439599264914,248.30717229670194,74.54021858963247,18.292038989627628,0.060852903,213.99302456941925,64.14315799785379,5.4203727390489185,0.44372210291877845
11/6/2017,6.346553739611164,1123.9536693360735,710.2762266193345,197.83158944095064,252.99052438738858,65.51835214773728,17.49791227869757,0.021466141291636074,219.05828054947287,52.74970028635491,27.762567326857656,0.2118594663486605
11/13/2017,6.190551825636485,1047.3915413263314,692.7761089,177.5023511298407,256.7345418715666,73.5854785,17.554232491965283,0.055770678,218.5390606763933,38.13049276900874,31.71013746440771,0.41895373812981207
11/20/2017,6.711580918550356,1050.3105584839825,726.5555989278624,201.6906131267188,265.26813831100696,64.01217916,19.910003199202446,0.017748969953833446,209.84419186998093,39.933185920463174,33.10414683139851,0.42754219571794194
11/27/2017,6.256706067112743,1155.8940052802272,718.8913375538776,161.80020351250607,267.3236396363552,64.05682599,17.37607390589112,0.073718588,191.53273905889506,105.48923553336809,19.04755981597876,0.49671258644241106
12/4/2017,6.499021341452228,1032.4654211854916,669.4611749175879,190.30984798915497,267.32649150397634,67.62628018,17.66166932,0.019673511120186157,199.43847662416724,98.37464597739876,16.878678252486328,0.4279723562108043
12/11/2017,6.687404023633749,1075.9408086966087,718.1174648614272,187.71854109527456,248.3868498526963,64.68466048640104,17.810520306555155,0.043617928,201.89067902274638,100.01370375315892,31.250116989173243,0.47790228879380137
12/18/2017,6.245523465144015,1136.3481158928705,724.0697396331625,154.46297067958852,256.88132862649167,75.02586290953937,18.96062972721226,0.064309507,215.72524509009787,34.881738007018996,41.272350589072325,0.3648624848645612
12/25/2017,6.540905746434326,1066.9140759470838,713.6491015252036,188.49651106872062,250.09061323171758,65.88491533452188,17.660632042821135,0.019626764811211252,213.37565827814402,63.32251142779385,23.82633527653882,0.2701944431977403
1/1/2018,6.4116217504639526,1086.746670325384,715.8362949616376,185.40619549004032,236.9031528277769,68.48867174,17.482431546641305,0.048260039,212.00753771557126,71.5377651,30.05061602338308,0.27487839373406386
1/8/2018,6.649488138533917,1171.5187022563516,722.0181231250976,156.71111923606216,242.7754267139509,74.41774586039008,19.869522088923837,0.058178138,214.70257145231068,35.56441806626574,27.12601145122793,0.37450159021271623
1/15/2018,6.4478511467138375,1184.3762802591189,710.0424711,172.75426428696298,242.7235559146727,67.72524261,17.434240667845796,0.065807798,194.71607512740732,61.7056005,37.83794004080442,0.4085241244554973
1/22/2018,6.157325838749488,1173.779636895828,659.5012398055928,173.8582850824643,264.5213557,75.08023315122927,18.160765581394152,0.035872231,214.57846984016362,44.737363757033656,10.556474117869392,0.38061860351507476
1/29/2018,6.688613103034917,1089.7078485296752,723.6463289689945,161.9810318421272,244.92339829988526,64.27409340827222,18.641083655258814,0.012636522064244744,197.5130233,46.99926331956432,16.434691776344465,0.31806069946408744
2/5/2018,6.583116050501435,1163.2312551029938,660.2900018308485,169.5823399840515,250.86874100782453,66.34857344533846,18.699698291963884,0.077492769,188.5369720286144,55.10749503710011,30.88288496730368,0.5040442780962255
2/12/2018,6.620151201272485,1183.728203499725,720.3036013823945,193.6519575606294,242.84851904988346,67.54043096895342,18.720074676427163,0.020467606686827625,218.41839290784748,51.30274260417843,35.814884520719005,0.33182100183132845
2/19/2018,6.448987835,1181.967089238604,687.1431532787399,163.50152017598109,252.7991751840922,77.36931089927405,17.966208119539758,0.04679389,218.51243752644262,109.94706124855693,12.823329147401944,0.49011652427109886
2/26/2018,6.4083264823533845,1052.7112476917628,702.5240354444458,167.06069862419315,252.05270907394453,74.29475339364787,18.00619001135623,0.027166705,198.53653024606834,102.10949059787688,34.30127241568737,0.3765279523400258
3/5/2018,6.500747391056423,1060.4164607633124,649.3504176406497,178.46301191017906,262.40221579096743,74.69756715,19.53602847,0.037328471,221.84802379756007,61.48375058538967,26.21701507,0.23539308308340323
3/12/2018,6.361156495061613,1037.4558679599343,670.3612713535832,190.07141552300413,254.13795599061163,63.76473239574984,17.342121592163704,0.078410736,188.25120152478746,71.83663143845317,40.799764846310275,0.43151029742424263
3/19/2018,6.611596743,1083.6072803664508,736.7008891780195,175.2149329561582,251.58775792557054,64.79709694,17.931424668498096,0.058008129791416264,219.77942222778887,79.92827666212497,25.37566317616062,0.204243204
3/26/2018,6.650043868671293,1062.7850161599094,713.7451395,163.87039479732073,252.19149491383286,66.56444349,19.583134529732703,0.085689266,200.89258012346514,89.81343872159115,20.626684102203665,0.2358116434325344
4/2/2018,6.185030862967226,1058.9775915581051,699.7319110792197,181.2141014839045,252.90112236548694,70.32642989178639,17.83368791677301,0.025458247278021703,188.21420734039063,38.85380299715639,15.218427237818108,0.24272417888079134
4/9/2018,6.531280574438136,1068.5973933395053,681.7999469666768,195.63491486850202,253.2210327386379,73.32748403506342,17.521516400105757,0.063253121,201.03739194788923,95.64586726,40.254511512877016,0.4385139065072475
4/16/2018,6.596117128436559,1086.5372366319662,646.7413497017801,176.66030802810397,266.97810752379405,69.01876494732825,18.03350352900608,0.035053361154539345,210.97289695057373,107.13622262106733,13.234184250202876,0.41536581106561626
4/23/2018,6.659622212,1080.9791287187145,714.7866731490797,174.56110672435977,261.5786241460491,69.84556585,19.90063718959552,0.061048357198260406,218.91081594573885,40.67988240164698,17.431672163674982,0.46764249591068346
4/30/2018,6.2480647978882455,1147.3436166309766,733.0543224178763,195.1856609540683,257.3530719072015,70.85944314325572,17.63518021373324,0.07645632,219.5800986,82.33291520538711,18.985441600968183,0.20333974796585166
5/7/2018,6.431523358324334,1086.4578089513648,716.0839504681687,158.64738022544933,251.47484522554413,68.76533196273246,19.846454399633032,0.033807403,220.79697108285026,101.54678428493048,17.574167010506457,0.22451555254788225
5/14/2018,6.649814925,1124.4535562906813,668.4244742757367,196.5291931874054,236.2310471998016,64.52997312728769,18.16240131,0.073439766,221.80770317428625,92.15552702971513,29.199462346076068,0.49645786867761704
5/21/2018,6.423033877412979,1062.8584605075143,663.7751934943483,163.83962332720859,247.59809636765277,68.29470096953479,19.601235699803148,0.045889545420249846,189.52275766592294,76.65746542699829,24.680128271270235,0.4952057191245116
5/28/2018,6.375097524120136,1122.5597101681476,692.4092685,194.6684764392072,255.65284687980187,73.93013596871297,19.04921936800953,0.07719209,197.63097085166586,80.07558968506498,6.243781988808609,0.33564382909978674
6/4/2018,6.305569342558444,1145.4122996530189,692.6093263575341,171.18542606507722,252.66839239218723,63.50499706837002,18.107205898291213,0.049409245895028084,189.05189685667202,109.77734040569334,39.415057166397965,0.2737248137579487
6/11/2018,6.629642768946993,1186.3467006256433,691.9479074666308,192.9709347,241.37949812097406,68.62335143525456,18.36765464229027,0.067377785,198.3594994438061,41.872337935240296,17.371262109293667,0.49400540670839715
6/18/2018,6.438169171114234,1069.5148162089715,660.4175249648147,192.66706264083695,252.54363707874663,62.03663771717471,19.090326887851813,0.059286695,199.2587268956127,62.46827737388659,40.075228288567466,0.20687869734091993
6/25/2018,6.247375281067709,1035.262081490576,730.8088869900598,171.04448136458254,255.07170897872098,73.58405322149372,17.59772185993893,0.053644499023279696,197.1945478126272,63.67712506496311,13.96016285078975,0.2910088205008482
7/2/2018,6.160959040867866,1166.5657492929288,679.4295160904527,171.08803278728175,248.08295605274736,67.40411476093222,18.743141612872027,0.049022331,206.8765798290563,86.46489078,33.369540312431056,0.3987562493978548
7/9/2018,6.714290318125052,1132.3288421679204,719.4487426,165.10508369627559,253.48925153571295,78.06928959456401,19.906102304073883,0.020736707528703845,191.12961441677857,48.38486781216279,14.404491855395811,0.22180420879240265
7/16/2018,6.514602664516644,1169.2946314538276,679.0294586270043,156.52555881300256,267.1509992269488,64.25943157337522,19.732136525830224,0.062250152803354435,201.3881269770068,77.08563106178215,30.615547652549942,0.43024908904299086
7/23/2018,6.564616514838719,1080.6949310246994,690.8814982631513,189.86472311065424,263.9893340999298,64.54858143017451,18.420781588972847,0.084149174,204.73758793898497,40.298571075862526,7.847412641910434,0.4824250822179792
7/30/2018,6.463010847011509,1057.0414597166612,669.0315115607223,188.9758007591275,256.3968869493564,78.38414162038258,19.076178989179393,0.072793553,215.52810377574934,84.15495515,30.503195155216524,0.362646677
8/6/2018,6.3264633095187905,1078.9227052271463,707.4110136791106,177.92087784067667,245.7594214723701,65.18405066452365,19.092443082290284,0.03664737,200.4742015696497,51.53459589669601,37.15467696270704,0.3261809270660293
8/13/2018,6.275172664394065,1053.7757041106377,693.6737159555114,166.6445169305396,245.94038902550983,62.50589892758642,18.146405083479216,0.049203665,211.58899386550297,61.63778910451103,34.928829582583866,0.4756916719194276
8/20/2018,6.584656420652857,1178.8071420947008,689.7224001209656,201.03180653225797,266.29293440921316,72.57697412,18.23285315627664,0.089624885,200.98099680992286,35.58617029316932,25.971622592223817,0.2891843269648671
8/27/2018,6.313003058704311,1025.8435727123383,702.5214347,194.94327055365702,262.9331227903159,75.10147826416417,17.881296337087626,0.031207934,214.55550085321286,97.20849428253993,23.924534312896313,0.27351896968999273
9/3/2018,6.143367941558038,1178.3603852514352,719.4307401164652,192.26905403977102,239.92970926835275,64.10719151469723,18.224377376480096,0.067871676,212.36834475346305,75.63621474189748,22.87636090806233,0.46396056486639825
9/10/2018,6.653973093947577,1057.8623460474496,682.2807258586801,180.91199881704244,253.0753709187431,69.58803268034914,17.661094255799227,0.037877628824068775,218.80518958305154,38.87645387892865,32.61817374916287,0.5017261584408701
9/17/2018,6.212168256991327,1043.3862084747554,731.4632104895344,180.6651255925279,259.29217648007517,64.91287464892255,19.125307493993198,0.010653491336903001,205.52536302249763,56.98095325689274,37.459630332661376,0.202253285
9/24/2018,6.164367171,1151.6955492478362,656.8238313245663,195.14400630879686,251.22827956182408,73.26393888038801,18.52555502984369,0.083155255,188.65207056295756,55.71592165417346,22.448201678144606,0.3090094088954197
10/1/2018,6.507876860104513,1073.1443441208546,726.4469378153443,197.25780210538977,245.54278781006627,71.76133168290053,18.886798876596146,0.087297146,197.69023538464705,48.63974062432721,10.099250341915933,0.3448538757634537
10/8/2018,6.714585468124119,1059.9506218341214,645.8822075713158,188.7271885933247,265.3764601762361,76.04120525,17.46692437159457,0.018929494,205.8052958924414,94.55836267941281,41.51984824739361,0.45911117437171706
10/10/2018,5.86,1120,694,106,234,60.2,20.4,0.11,265,19.4,48.4,0.16
10/15/2018,6.666874593121961,1120.883386362637,726.5016602576595,193.80928187449533,251.52254180539882,73.04697355767885,17.579352493579094,0.069976168,206.4221793541439,39.881294534007466,7.827327961620494,0.2519486475977707
10/17/2018,6.127665682762319,1133.018818622917,711.4080523489716,184.34215431972433,254.70683112662903,76.53863183,19.43262328825492,0.082489988,258.9989344237687,19.625668291761116,33.55410014194601,0.17438166342647943
10/22/2018,6.366657299129797,1046.0704984446375,704.0432089834786,189.2368172022512,243.49099033244724,76.44976072813314,19.673733461674587,0.070532389,221.50987854036111,81.15480652666352,20.853991572237295,0.28758970676784934
10/24/2018,6.398393495735151,1131.3293997587903,731.8945690081053,119.50029333625753,234.44752507267938,67.01876610095997,20.026176207394393,0.022863265118012843,254.05950334878034,24.851598967122147,13.995101073056603,0.1832214265665676
10/31/2018,6.118867261,1147.6878000262602,703.6221426957236,131.7980237580482,259.8198358058172,72.10302896551761,18.35341670700901,0.011917794554871963,232.9263946546658,31.961977977025242,6.049651294709598,0.19144489923214153
11/7/2018,6.155414655183374,1185.6353072311367,707.8171625836089,115.69693512269839,234.34025884856143,63.28829122857627,17.60598475814535,0.060274528,224.69858040162302,20.78909803477036,20.44564872309884,0.17860677548852616
11/14/2018,5.944178597561269,1133.7160962552955,706.1689508,107.91461621895823,241.55429570463687,67.76852916562264,17.711385641069803,0.020731477504181167,259.10599303839643,30.496318988018118,32.00345528098224,0.1946307755418284
11/21/2018,6.181497524614932,1155.3766738101044,700.4735563376777,173.77715561423435,260.72963236673456,78.01944591750022,18.841789020598892,0.1057390575286121,235.9301739,31.14689075,28.600037052118967,0.19958543484292712
11/28/2018,6.636797363938829,1179.2661408791087,704.2202512600635,138.2078621639923,248.66921829868048,73.07298400077212,17.713417600647603,0.020912562,254.58076425162687,26.461370606666822,41.718769857150896,0.19205418799810042
12/5/2018,6.437950317785251,1162.6871663376862,731.4432628476359,110.48525251213943,248.93933221864017,75.31167230713454,19.808884893136234,0.043990508,259.4388270790895,21.57733219940471,35.83225687661783,0.16082665568178295
12/12/2018,5.8837914423491595,1147.203392988649,711.2907992118003,187.4660073971873,247.43287518679148,64.26643985836162,19.762548773484955,0.014573354456377752,232.9747781214823,27.022603303440427,29.159135152152555,0.1783097680552903
12/19/2018,5.916955111188058,1165.095775174364,700.7680905770188,109.81190276931227,249.55492021333413,74.70513398304976,19.28746853939185,0.013666035463974033,255.67719542572328,31.34497726346068,41.66743765827098,0.1621582602130757
12/26/2018,6.471371906130402,1127.903716621062,697.2643672471835,118.21786448137276,236.64639374669866,64.39033569873429,19.33759102904928,0.098200231,225.72385436958604,27.555102029797787,34.63418089711259,0.17827174288489486
1/2/2019,6.135857711811475,1143.7711130294592,722.9822346310586,114.10439559194162,262.9745143,63.744483095028755,19.77885244045513,0.061128692557682995,255.18904286662172,31.30692644075304,10.46910725815335,0.1953068271034989
1/9/2019,6.6539708878657375,1125.285105100398,724.8493884376633,184.8108594000657,265.08802674525833,67.57860785689864,20.201817756834515,0.10421932278915529,240.89089166844414,25.880473866981454,45.693148995289924,0.16858183117605363
1/16/2019,6.520345416620849,1154.9174588746425,729.9861145802107,168.59408559991724,253.79348086972897,75.91744497517954,18.62483229873973,0.015722757267355572,246.8745076592946,21.964707548682536,46.33529116567121,0.19401937382963158
1/23/2019,6.725339250939484,1142.9138082017028,700.5739165153203,115.44863231898752,265.02939150157357,76.29179960257319,17.615833640749884,0.06689156,242.8980702173925,24.183475794239463,17.42047446648775,0.1742082940557554
1/30/2019,6.326342136732492,1189.016012838444,699.7232368830585,162.12422445323008,256.75556636668284,64.79503457,20.02837397614357,0.094432054,264.55033109764423,19.84912703,16.521127665285082,0.16999638185096919
2/6/2019,6.551814387602151,1167.6427863468389,731.8806546484985,148.60875976104407,247.74834238139445,73.74982263552246,19.495208855429517,0.06953486,240.2072174100603,22.284394377174046,22.846146313416263,0.16956464851901482
2/13/2019,6.403760622084651,1183.9533587321912,698.9027664650647,131.88268831837786,259.3562887691225,76.96359171631946,17.99196584875964,0.013096937,244.67854245449274,30.58764608577345,40.057748159788076,0.19272738226474623
2/20/2019,5.915633233306775,1163.229304179098,712.2334106058876,182.3246914120258,243.17660048171928,76.65272772817875,18.41103742395906,0.052387727417618754,230.85081634943492,23.361600844479135,7.072594179,0.16794527613619337
2/27/2019,6.513622411997771,1137.9267592004621,729.5417827454177,198.60096061854074,250.53847183613968,71.09538252602398,17.843555407560682,0.04755682,234.27663467934093,33.313699473523904,29.61662863790621,0.1931219363903699
3/6/2019,6.714744733906605,1121.1317735561738,703.4438828972594,111.05653882941448,238.42096503495267,71.46962566671772,18.32332440510267,0.0363551,237.41155915418992,26.967397372371035,42.266147489528066,0.18528056613019064
3/13/2019,6.138948361712323,1176.4515556505849,705.4039077371099,123.64420636078725,256.2671065994787,67.70141435829237,19.637619113255006,0.10870158974330152,263.0672101376563,29.88160960686267,20.864911594730046,0.17331003102921433
3/20/2019,6.191235416,1142.3125180842915,710.0825141311731,126.7422386928442,252.70373492123562,72.00888403868669,18.46823120699516,0.094010676,255.8436419962189,31.448731047997768,37.68597839422262,0.1715795680855928
3/27/2019,6.363104935138036,1165.5720748229762,722.4558274177157,165.61032803092476,250.57970888731677,66.27317553,20.11301660034806,0.0604509,228.1217182461209,20.473531187872446,17.764361963506058,0.16372898312909823
4/3/2019,6.548404284550153,1155.9283902804355,704.3454717096263,116.78343095250116,247.26901922318527,66.64381278386927,19.553030547794197,0.021694992381374678,237.26052299391932,31.32614291274404,24.760992774464654,0.18105402247804953
4/10/2019,6.5717732480404525,1140.8590015536852,694.0761694495445,148.61289062652884,241.58954492795104,70.25468702386416,17.39499469158192,0.094619636,249.62367096415068,22.16342083155108,47.69675276850396,0.1933128505318467
4/17/2019,6.326023176813452,1156.896950618366,723.1763948537233,111.30219276592584,244.33214885796002,68.71990041588782,19.163008808509698,0.056895662261763624,242.02732291726102,21.930900037869478,26.74418038,0.17282717828835517
4/24/2019,6.372551105429682,1123.5528802429346,729.4326407546532,158.3341441633438,238.81364430803265,77.01056872205328,20.03467013056592,0.045784652,229.43893726016876,32.468003465694416,37.671556219825476,0.18808357276082194
5/1/2019,6.608086135744104,1185.2087483603577,695.2046831232278,133.18979794076125,246.32772965228042,77.12941913335055,20.346018899349232,0.092447213,236.2377753,22.237911640205827,35.37456618656966,0.18686960797681482
5/8/2019,6.443173997067821,1157.2669700780307,695.9077444435586,133.4049738022253,239.6308257912127,76.43737670237226,18.11649941013345,0.013652549060094457,250.15215978632207,22.927520769058823,12.405903492790337,0.18696422958980158
5/15/2019,6.272885153537593,1143.803181387611,726.7454366588258,143.5227456321104,260.92535430664446,70.23075763638703,19.832899000207842,0.081618527,237.02376470585932,21.58618618565426,43.24197160165187,0.1670762857212262
5/22/2019,6.3487107467734845,1122.2175088752647,721.1580926971882,168.9357974109671,266.60680918998634,64.56495181421771,18.888922715544428,0.066859434,225.54646290224665,23.036388615733127,11.407912316375366,0.19288402779540542
5/29/2019,5.958147408755302,1189.1541518976626,694.2749315,161.82976190040273,234.40105637408746,65.28252602730133,19.13676824829111,0.1014036744160773,255.92503249292486,28.221771451831238,31.541241309669157,0.1698807538369014
6/5/2019,6.569389353613689,1136.2153986288224,711.0091535856945,144.61344722914166,259.70948795882043,65.16901438331692,17.685063979144427,0.091039681,247.14861286168724,22.84400117,40.053611152237224,0.1693068655427694
6/12/2019,6.672662139625447,1159.3195334667475,694.6366795,180.1539234,246.45934218029308,72.26412497,19.492083337231215,0.089164232,232.92651757271668,21.36224311703262,11.317647423938304,0.18705246809588771
6/19/2019,6.318153367974073,1122.7754525323671,725.0893887032286,160.24772564368158,249.8026322011059,61.698276377918425,20.175542942154884,0.056553324587733336,233.52968,22.961135142484668,37.733768664894306,0.16243186094751477
6/24/2019,6.51,1528,947,158,308,72.9,30.6,0.16,364,40.4,23.5,0.2
6/26/2019,5.878626641914093,1186.0362040312245,696.6597399112193,126.28700264531739,257.9556764,64.16184168757921,18.870816449960518,0.012798646825847401,241.51531549877052,20.20175288131604,41.273684501067095,0.17299463908302665
7/1/2019,6.117710344605374,1419.6019374976347,727.3510257252735,124.99388134370865,286.36805719320074,66.87139408877267,24.990589411638755,0.14128125133294578,296.57299998274607,37.053194440141326,46.41099118775702,0.17848303699054927
7/3/2019,6.002811829448205,1130.1345420756413,723.4296007442731,138.29598891574403,257.8173901356228,66.97015285514703,17.650238462672927,0.039977873536305136,263.66762804254677,23.58935321246367,39.54037011089741,0.1763564871372393
7/8/2019,6.408063278880153,1310.5464633648037,760.9776005385094,152.86266701163785,248.01584327943323,67.26194503602416,26.558914626326764,0.11847926827940755,283.39971711854133,30.407631270999637,27.491493388802397,0.17537262438348816
7/10/2019,5.973467573779125,1134.794207566744,696.3036605962927,169.6455466501522,235.33708152614844,78.20776566,19.931223871235062,0.10446345831846342,246.62657148328913,26.131820994434367,42.619942042241036,0.16129904673950846
7/15/2019,6.439285791109192,1290.5456559018662,838.6418823091002,133.7625250920423,301.5036426290985,61.777176945122065,22.783663459347807,0.1286987192163062,307.41736268544656,34.52434634,44.96123838301861,0.16558741384434034
7/17/2019,6.203361131409773,1174.031036,706.8466341889412,146.89393533158753,245.7080808,60.73834607652734,17.86181933410256,0.019505212,228.97853201674548,23.116425437491436,45.594657685127196,0.19874304730721307
7/22/2019,6.152916663088444,1514.2363165315694,713.9516381561009,130.06713782715022,258.0150122844915,63.043820901431644,27.766179804299696,0.14282851624021425,315.87356967191295,21.720281061099758,36.25402905441455,0.1688686661992341
7/24/2019,5.963637620366364,1123.1602201986466,705.5751760501606,111.73604775686043,248.53446672800746,71.63219407,18.319363891518787,0.061339002542122364,228.4219448,32.96150970430577,24.26459715,0.1670856792660864
7/29/2019,6.491434269712017,1492.5262804674337,817.7487776615033,130.77844556838642,260.97761822173504,60.57823338871074,23.23362786,0.12282509185737289,313.86158733319087,25.19331862,38.27708665938702,0.16620870123982584
7/31/2019,6.324011948278033,1121.0246535405643,723.3982563699007,132.01894238189186,247.24390326661572,70.66230321783519,19.71708682606343,0.078804677,254.12986803791878,25.389717180121604,35.42468437745349,0.17131702438457708
8/5/2019,6.325941177374592,1405.5486872685663,825.8680213347187,152.54819742709316,255.83916116063003,70.40793830085224,21.029372223834518,0.14542132802233884,283.89790349306907,23.238151937740728,47.81105959087205,0.18069305812932068
8/7/2019,6.660192269887878,1137.9794420042185,699.9085331298417,145.0191473663756,245.7691517990083,62.152729288232194,19.34942913611396,0.0922187,259.03011605169934,32.77635622129472,22.562105515241317,0.1752538514322706
8/12/2019,6.357306972741881,1205.2406600346112,885.3330289874142,123.5409043305072,289.9278150940876,70.92796741323392,30.140983040686958,0.15087127148406493,284.2267511787483,21.250645068682914,40.77943947477401,0.16213399836424525
8/14/2019,6.406950873782657,1157.582810706279,729.7071645748147,171.21947635524606,240.8812957134108,75.88727622,18.629108619042462,0.099147779,249.65499735698847,29.545735492592037,22.93479658840526,0.18570685765981956
8/19/2019,6.361575509693995,1145.9943052783683,694.3893294764468,142.2705046441529,248.97186708485674,66.09032700922128,23.83542185944941,0.1546139741275985,299.7396363,25.136686436229127,26.528886888112186,0.18067351631075973
8/21/2019,6.025626533,1157.3370331325411,734.5893158312771,127.13839538706698,234.29144656402096,76.19624504432029,18.579291341679042,0.019052988730760848,257.9541554444807,20.20449090535869,20.307226957127668,0.16575495922637692
8/26/2019,6.1227273159018125,1315.1722053612511,773.6649582197158,154.5853939533733,246.15458202321958,69.08892310891366,25.38134719164838,0.11432744277606821,283.5182317930592,26.678814851553483,34.35552493257936,0.17950034025406694
8/28/2019,6.192079429473443,1149.7241090962493,733.895039,169.51245157518156,263.41027377041826,71.02242734642704,17.59818959625278,0.047807567558193674,248.6148291596177,21.634196044650885,33.18124461547522,0.18062282708245112
9/2/2019,6.003021102,1391.4171994411938,795.3495758101049,146.38386074901715,305.13213985126674,72.07537788948228,21.09110806553206,0.1568831276703592,289.2148257442487,37.93980429715003,25.52687522188093,0.18235620858905247
9/4/2019,6.679642142995852,1126.729523591785,733.5579299703376,146.31967824787347,239.40167656171647,63.167285424086025,17.705369446235792,0.015866557,238.27161724469443,33.93088607860875,23.751617282256333,0.1622705508930785
9/9/2019,6.003676137555023,1399.796931985088,777.2908764583979,124.8881920704876,258.0531595047526,67.85687225510283,24.148992177071296,0.1553426360529129,327.4930304854111,36.41692927465664,30.82079974770635,0.19003038957292614
9/11/2019,6.249653941124153,1152.6436333946413,710.1069301367461,149.8481510670149,254.35089061123006,74.50247669671629,18.845216826368155,0.021438825145340693,251.0499371662117,26.211031377771246,44.57652060030584,0.16621564954562237
9/16/2019,6.047352273598684,1377.022731542186,926.4191845917308,149.37567936028012,241.74903024609242,72.23264733815869,20.43496965438644,0.15306018441607508,336.7433087248941,36.94466332175466,23.711975505025336,0.18484433987179616
9/18/2019,5.870759442531518,1126.3343303792578,694.5088335637067,199.90498144640952,251.29328956045092,66.21177220660257,18.30899952872255,0.048304279245348705,245.80463000459696,25.139844127495177,15.240855711448958,0.1999073452799367
9/23/2019,6.231798316570424,1296.7921278805895,911.8931417271477,132.20423108406396,258.6616342334577,61.26781941295986,27.416734940716335,0.1133472392598564,265.98148894275545,33.36747850724003,47.31563278,0.19989770404559035
9/25/2019,6.067596200825502,1174.1064743568193,711.5617964469088,133.81144854146405,256.8578458272434,72.32369462816312,19.11973746,0.013269333190306279,257.8317969285873,20.90059989882601,46.14086220196035,0.18494499986279583
9/30/2019,6.334327589935802,1273.2961665049554,754.1838050651561,124.96537056382644,307.28420384243526,68.33396366936671,23.500956014789903,0.15567202460787485,282.54996199200156,34.189571988170876,33.78378419386202,0.19385224974523613
10/2/2019,6.603022331855116,1130.6905138184645,694.7575160208312,115.55985250820027,245.01941523889917,76.28648577866497,20.008793883209016,0.02117467,254.2529356077598,23.460944063446153,27.445167193032198,0.19197850032127764
10/7/2019,6.459130297383554,1365.765749454009,858.1923646947515,116.0245905191895,245.88211272842608,65.19960559329958,27.24322101566839,0.12615894718650061,355.0551053424451,21.029652384676563,44.41689819198073,0.17072707449256194
10/9/2019,6.591138946026519,1187.1894326808106,707.2260312806674,112.8022733039345,245.61390091554927,74.28650237281563,18.31991663692319,0.030978644,259.92570646313266,33.91620632163743,34.928933826121586,0.18011343514673464
10/14/2019,6.018912278777643,1205.7695422971833,792.9250812847313,127.95943759331531,281.9945457431226,62.43425754604259,26.742316121924166,0.15212625333646426,340.7395178214291,29.09128943361504,46.13509988,0.1649597182807481
10/21/2019,5.925922883204114,1376.7590540457009,894.9494815634312,128.58548550461623,283.3553596035072,62.86197271310254,28.953074548798682,0.15635050683834995,315.8069701262238,37.34089477330177,24.696737722163267,0.19977203555860323
10/28/2019,6.253613216,1442.0168160590613,927.9984260189996,118.5061172684324,243.68905780719172,69.26583888987263,21.97229291146244,0.14642523413511302,342.09655038976746,27.361828460067407,33.63805843684556,0.16208941697900978
11/4/2019,6.132439044613254,1475.3034113805518,798.3783367852176,109.36393725042124,239.17259083469395,65.85528208135942,29.27517076476811,0.15255437021677287,270.3053099032305,22.531432300285218,45.31918772521466,0.16981895909305808
11/11/2019,5.992620407518892,1260.4762347321205,932.0622592971666,121.26975276242091,258.12069157328744,60.37115986866259,27.40131912612875,0.15046024516886283,301.2912239905239,39.05405529,33.47138606895486,0.16044690870726785
11/18/2019,6.309475241588887,1410.4035060003698,937.9376266482318,150.41826253364115,259.5687895725725,62.686222087851775,25.05792565840113,0.1348241190003982,315.93858568829756,26.624932031212673,29.784490383390747,0.17392563417071316
11/25/2019,6.243768128865089,1447.986061959346,822.7180037424909,120.78565628459594,255.25120726062562,67.70761819143043,27.665622440631303,0.11738852910900593,359.77366993754396,32.46863690173669,28.503479693439093,0.17914714941050502
12/2/2019,6.4692647505464835,1356.358475,825.1617296041766,138.57327298093884,290.0471166071671,71.21819423908101,28.97904862763175,0.15816838973813832,360.42592223699495,35.54946974403789,40.06419196555834,0.165377271
12/9/2019,6.2075288389676295,1190.8513261878597,934.8122792512104,123.16564111505733,277.46007338426745,66.67250315208462,22.718074612780093,0.1532633079210081,355.9996026840782,24.96104121,38.44247632664119,0.18421554568659443
12/16/2019,5.9297330487673365,1518.8815149681004,880.5915025603923,138.3156611837912,245.56956269360134,63.34936058498096,27.38458693752499,0.12083664642711442,361.7953147707443,38.057208125568636,44.71498988008054,0.19874005502049621
12/23/2019,5.954734850642808,1347.274792482139,709.9579460039494,112.15478924582948,306.5265738426029,69.97587538534223,26.11392911,0.11690904515281789,350.17506159741595,29.536113150380743,34.90165592,0.1823333891828383
12/30/2019,6.417837130627731,1466.8374950802424,809.7874837002566,112.13593041030384,249.03353882218582,67.64746260795349,23.044920183672968,0.1298581722679973,362.2815808707704,24.16477587,44.88772377909711,0.165155873
1/6/2020,5.860508534,1280.1429784597688,897.0486699072655,109.40896490393716,256.3509452232023,62.117946747898834,28.543518498888282,0.13890273575508932,301.07119987707193,33.00601316945131,29.19361234823002,0.18994184193020075
1/13/2020,5.872703486867861,1458.868256851984,811.6881694495382,121.49514242354584,303.6694457077562,71.77210657118921,26.716773482163056,0.13341997764647268,301.9883627568165,27.165606559830493,42.50638600937151,0.1614240768912852
1/20/2020,6.013924475878247,1372.2702823655416,916.8307602346986,146.00501579647678,263.31322510345694,71.31968247617107,28.64669061178466,0.1345304887277193,316.6885807480689,20.106361361513276,44.45152203,0.18411426507302006
1/27/2020,6.328273866896233,1323.0360830019981,806.5571638561896,155.4771411933828,242.4084885561283,62.10451039567545,26.726586377316025,0.12134299552350823,361.5396898291515,25.980102284650172,32.28167668723781,0.19339757660538304
2/3/2020,6.117052968559945,1497.230681455494,779.4915551,134.5225482136183,256.14538596307403,71.91854402037589,28.532624277234433,0.14448403320821868,354.29219097161246,27.558214012571447,33.77288442896791,0.17923648140983187
2/10/2020,6.0520826239295955,1120.6370104073214,944.5333018790465,151.40731731080356,266.3635394747985,71.35569469079823,25.285542977356698,0.13765126413637532,288.30731928913974,39.70938833,25.691209962130337,0.18033577978660548
2/17/2020,6.372805849711404,1230.5390390288535,921.1024461406403,110.92794880223902,249.54084301508152,70.23711517498349,22.774182076788748,0.1482780992748114,342.0979018878463,27.948145705841213,46.811291975580644,0.16634768128229907
2/24/2020,6.0006158131419225,1188.032671027911,851.1997819493381,108.14608129704183,242.01717928799667,66.99405238003989,24.81333416,0.11295212300450416,268.4176268285031,28.47767937875259,32.94139733,0.16372003451637096
3/2/2020,6.370436535847757,1357.4417523168418,883.4045951953208,132.7164908793117,269.47591987268225,67.52894709,28.063836294017637,0.1228241699586856,346.31758868230133,32.88348632703913,31.924886668185266,0.17001589870822748
3/9/2020,6.431389630506187,1274.2177097992121,828.3718113258855,152.87755191494514,280.3502612492809,69.47589582740584,21.590615383393384,0.13793216977997858,294.6654788655785,26.924050978701885,43.53083178353921,0.18578472112551095
3/16/2020,5.899675247729025,1356.0258866175905,839.6680986854244,137.90381367354982,283.77971146625794,72.03020821687124,24.572446108580223,0.14259538084097395,274.60429925826264,26.370727140674763,26.033433458262625,0.16854521580460993
3/23/2020,6.002513086392893,1510.9648063116238,814.3543585,148.91634030296714,240.58539107486916,64.03133897823645,25.18288001182331,0.13768149861309853,343.7070090189296,36.547041514139565,48.258730623656184,0.18272753269696562
3/30/2020,6.382118169054703,1414.2922271156112,870.1381873532902,151.90302061814427,240.81231740754686,64.03906055490123,25.37475806450139,0.14495408208433472,270.1420292974886,39.887406666532975,34.89138749858496,0.17309748364743613
4/6/2020,5.962101171,1513.5984547276992,871.5171130825238,144.1290461939773,257.16936597919334,72.24221912500049,30.545384135460765,0.1397121717318619,288.2254367819204,23.380493820142956,39.660564960856924,0.17782811785408958
4/13/2020,6.049428454595295,1404.3347987216407,911.6229679057872,130.69103116414027,301.77022712088285,67.45725295688817,23.776383188152398,0.14539896015961126,316.2108663274053,32.87865902603268,32.118646146677555,0.18632346819476764
4/20/2020,6.352284626235005,1303.3183600973882,929.4184755,115.97628988518485,277.4994367565129,61.38399762683143,27.013535645969185,0.145721398,321.24402805582673,21.321005973900167,37.234044243833154,0.19097554964704855
4/27/2020,6.074580241643156,1340.2936792184582,860.7615372151544,152.42539434351957,296.54148630809624,69.61393953237574,28.707746253545153,0.12344905236471461,298.3261171512371,34.95238770239391,41.92205437957293,0.17939223443712346
5/4/2020,6.406216467002984,1186.0677319987783,942.4959470410231,145.22248439316968,277.4374736305418,72.03364452374791,25.282970192140247,0.13390840093384423,359.61339710399153,25.162846985901393,46.982115598500926,0.1876459621707267
5/11/2020,6.307314398480779,1161.0558354571215,824.7034212440085,121.17212293951033,259.4388217905272,71.75563328969538,21.365430638372935,0.11217155675439502,357.12596650745655,24.163312741157494,26.12288736193969,0.1727517829620032
5/18/2020,6.141054145967624,1498.5046980110194,716.4193298820984,134.3859319206103,282.3612596404024,65.48337611517039,23.14369647143339,0.14051822819315948,361.16659023055087,21.53088957812561,41.87905016628611,0.17894275092379572
5/25/2020,6.476781279665896,1391.240993293789,882.9476746154428,134.6261577354814,287.8225052696059,66.89714419081501,25.042111027916825,0.14801083468397785,338.8447382826679,26.916074981745204,44.53000328,0.18861804202865484
6/1/2020,6.112248925022005,1428.2733499676392,934.1201110418829,121.07220231794295,286.0045194,61.335786804400996,29.007004840615874,0.12703712058511316,355.1817655774348,32.87686390098409,47.35852387,0.1986383947804967
6/8/2020,6.205289572522813,1300.5350440116313,838.0332584719633,142.17690238211046,293.9954799509681,67.11187582749159,23.405244785408044,0.1482863115944239,344.36380658686704,28.520937677803108,48.15962371021187,0.18404370607312812
6/15/2020,6.1743244483131114,1430.1373868967694,737.5262942751848,135.10541463612896,267.9768469519433,66.64067046571533,22.936388594461867,0.15971454024083465,348.2409281,25.932248532208895,28.598336414798776,0.19831757176914472
6/22/2020,6.151647267,1123.8222928263813,872.7757933362265,141.27091280433365,288.3732221608461,71.41673298993047,27.81088980217328,0.15362693390922363,279.7536119994683,38.62808044802026,42.289558966261154,0.16359485851379046
9/22/2021,6.64,2014,1288,213,408,95.2,41.3,0.1,506,59.3,22.7,0.37
9/29/2021,6.6162967245190725,1605.0445112158334,1175.504453043413,194.2503257502478,389.6529541516357,78.21824469611451,33.95212928893018,0.13610464938386896,435.58975816462794,53.18085923508403,23.051309096912533,0.32093272750176216
10/6/2021,6.588112698538046,1811.6240360019578,1048.0022832736577,182.18343732842507,380.5469408879584,86.57979150198773,40.06294593674654,0.11178356866979496,499.35918498695014,47.09121388934056,22.934392500671265,0.30849907428433604
10/13/2021,6.612054555485211,1910.7114340654343,1168.1489661019386,187.71835687419468,370.95546384298956,94.77014451,38.30258222633681,0.1506971739837821,412.6150827179942,47.23992174860494,22.731505746725684,0.31072336798678146
10/20/2021,6.551415028,1850.8977143835286,1143.7520175781292,193.32424242334267,388.4748822811282,89.15021962,31.023138249475004,0.13247984943730187,410.1705023735209,59.071861608611975,23.362395107989414,0.2079820289793651
10/27/2021,6.570037006530731,1782.6496004449978,1267.0479635161182,193.94772849467654,321.5931168633671,82.00249686763466,38.30958076696344,0.12740785676038485,398.27987316762005,54.04267694170879,23.486899553141882,0.20481701510084319
11/3/2021,6.604223870379028,1869.5132590878488,1113.458447286464,189.36503695025814,320.83325391415445,88.63755816994878,34.944012441358446,0.11069119602501942,406.25713662048935,55.639186159058234,23.482335421045025,0.3115087720508706
11/10/2021,6.578076863883444,1773.5618899481524,1001.7198648284595,199.9732282969596,382.29599295982445,73.44320994,41.03327589178014,0.10438613730774474,472.74277851224053,53.64584376245275,23.048125728490746,0.2600182758221862
11/17/2021,6.570714282570557,1880.8890490033655,1226.3621861282647,192.23439682319324,316.6670566644623,87.26190078,40.46003807823916,0.14069167908317776,428.3639779711197,45.142390307601445,22.797416979848354,0.3347399958710653
11/24/2021,6.5126252934150575,1971.1476800890202,1033.0375524664419,172.30664343919966,337.2312010410172,79.40559353507646,31.111993734405345,0.13942341094789343,365.49742421865346,45.27761899214714,23.44283944530244,0.3043079599799927
11/24/2021,6.83,2006,1256,201,395,96.7,37.3,0.1,464,121,23.8,0.63
12/1/2021,6.797842855,2008.3082158692544,1262.2171060175096,203.04857457103856,396.80904003325577,96.20403513582312,38.309383921196634,0.1,473.2367644967023,105.27659087317673,22.742463783553976,0.5434728637605941
12/1/2021,6.592447977657485,1716.7209725740995,1089.8794320185082,204.9871337144426,373.32896712106754,83.74962103396135,41.15585126701696,0.10339534359169289,423.18204321250164,41.900352815684045,23.16127203578626,0.30895949278165086
12/8/2021,6.796279182392767,2012.7423288013886,1280.7018621659163,209.61475790718058,399.7386410338279,96.66744571835507,38.48886691825579,0.1,505.82614361683324,115.5196381704761,23.51480541,0.5614055059574227
12/8/2021,6.519394813146116,1988.8327417007756,1061.3670231943577,205.0569598278641,344.73416688382923,87.85222668789893,32.38158331916452,0.12973512676926607,369.5961461930161,52.95131240193132,23.269994694908906,0.2793964327517663
12/15/2021,6.717463935156751,2011.9487360143207,1286.7425301433223,210.84432354113235,395.2998000194877,96.44918513167546,37.64042748,0.1,500.7706782266761,94.64886351869784,23.18905597770761,0.5084538060783138
12/15/2021,6.577771683782251,1570.996234078083,1232.4537015797414,202.17759709443803,357.58494004891315,85.81462752610202,31.54012737144499,0.10710204919292048,462.36298785542374,46.85706406912587,23.04894655377744,0.328103151
12/22/2021,6.719973762323622,2009.3483820881438,1262.6944831307749,206.31689045878767,396.7791676667973,95.65269450262267,37.464599332181166,0.1,502.7343785828273,104.22420452885859,23.27837311261872,0.5448644829192186
12/22/2021,6.6222839265215505,1747.7278690456149,960.0611150360443,168.35724050923233,337.07848700464467,76.75891710446825,32.45650068,0.10560598205006051,391.74130765096356,41.46278789269031,22.771595228548065,0.20322198396508512
12/29/2021,6.676356647723069,2007.3125995037765,1269.8770945570025,212.50512003086274,401.50778742274673,96.29036942133749,38.68582927276992,0.1,468.2733220669082,76.46287979640104,23.198224751875596,0.5677498357028593
12/29/2021,6.621623225763098,1819.7562766483188,1161.555293,170.62017275068303,382.1925912048667,91.42433025,31.562163354877192,0.15408881415840486,394.1755580037475,53.450942444177635,23.369723155233196,0.2961936629947879
1/5/2022,6.796597891975506,2006.3338044169889,1271.920531638752,208.37809387748976,405.34258221917105,96.42814517819164,40.49154505441069,0.1,479.56851711861185,92.04434208412968,23.012995613072516,0.5241551344661162
1/5/2022,6.623375828203285,1744.896115294061,1248.4534910813818,212.2613114072908,387.1003453930225,74.84610733368186,36.44272139953988,0.15738596044623507,443.1785935251308,46.25316700766659,23.457118104098612,0.3147496235571762
1/12/2022,6.674354220764774,2010.9257937707873,1267.994150674743,205.29320505604494,404.75433274784837,95.75480934276791,37.50921548743961,0.1,482.24980890483675,75.19916787,22.93502664022877,0.5413213035544655
1/12/2022,6.514606813092322,1943.1359567751117,1043.1522972975426,170.17549654211982,398.6192305394882,84.65049167431538,31.042020976069516,0.13721179289430663,495.4474933741105,41.16521648005184,22.785042615495936,0.21326141668459922
1/19/2022,6.7795564683200915,2011.066438929653,1278.9191759995092,209.10824016623127,400.3014486959437,95.66157106305708,37.99302269758532,0.1,466.46068921627483,114.5599444061585,23.493615680691875,0.6017244958546594
1/19/2022,6.518794682164491,1539.468791450858,987.0529044371783,174.81298034095468,338.0939415315296,73.57553099381921,38.751116817789125,0.1271063921608823,463.49207491902064,47.56390524,23.205261978739074,0.3203660481613643
1/26/2022,6.662018103958099,2013.9547012712562,1278.8559074995148,201.59237187811794,398.94733169941463,96.46105567616789,37.40363424523061,0.1,488.69929010088055,63.22977625,23.64677399155502,0.5682019713883104
1/26/2022,6.575089045,1658.629194241998,951.2222093706698,203.84516585163774,348.65710637158566,89.50173839359921,36.73975840350442,0.15789236967384052,496.4588685697459,48.30274847389477,23.328946373873244,0.27774727629610974
2/2/2022,6.697757647470617,2009.806824131593,1274.0297791619155,207.27050062280384,401.0806328,95.36537219555525,38.14147992279212,0.1,498.4168602308516,94.57139595,22.865291324741364,0.45580085489248007
2/2/2022,6.635534581357673,1898.5736933350865,1150.571140930463,171.5640358,344.37999956232255,86.11751061612027,31.99813516,0.15616725800933584,442.26929008118134,48.50120108502787,23.482811965033004,0.337272182
2/9/2022,6.695965376948702,2011.221325,1283.4197361282756,212.39624041173943,396.46391447137773,95.30902907272167,40.967095718239285,0.1,471.5273402198865,82.62431661743267,22.830378470496935,0.5098680508717597
2/9/2022,6.514738980288518,1910.9993775113323,1005.5444193237465,162.4829610978597,363.6341641959172,92.91910766,40.17127888802849,0.11850297935575527,474.37548848395255,46.99635521226346,23.427492514611178,0.23526218355118902
2/16/2022,6.649784923111943,2013.978387095619,1273.6574707023299,212.28328199924255,395.1996213538977,96.20777724737715,40.99931205074666,0.1,466.7113225889636,120.50193285190937,22.870101230415344,0.623836228
2/16/2022,6.537469308833214,1892.1600378271262,1243.8303497820182,198.50998358138602,397.6562331222626,76.65323659836281,31.095543705942923,0.1264874216994547,432.87611580204884,48.798874455327464,22.82697593242115,0.2909426187554889
2/23/2022,6.606591782546244,1829.3775157330392,1011.2348219771156,179.1879968,400.75118811842765,78.43118799952592,36.842566943635944,0.1560244100770405,505.5416146074181,42.73660897916636,23.220520896497764,0.3017431526549666
2/23/2022,6.669020984644337,2008.508638261032,1287.8100974925555,206.51992615667535,406.0516654314635,96.58775179890871,41.029241147809216,0.1,493.52565564536576,95.18159919536473,22.96974288375633,0.5158678193001704
3/2/2022,6.683028051255126,2007.4576437191927,1279.5790824882038,208.18716315721082,399.70829548897285,96.01044862935045,40.16710326140203,0.1,468.8630776,117.82852191441903,22.715655465380046,0.5079268958969578
3/2/2022,6.605852919016101,1796.4032452292588,1134.3601171066216,212.70857685465145,380.6515868,81.97753867293666,30.742085330337716,0.1545621099869524,402.2791846551989,56.59665425874467,23.230578862270995,0.361170372
3/9/2022,6.826035927755891,2009.369565516568,1276.1383004911268,207.1319106219769,402.6959763823014,96.61127616281637,41.27884219282327,0.1,497.05772526754964,69.65893881,23.717366066280167,0.6026777496116023
3/9/2022,6.531411631001311,1717.715160549505,1185.6789283824135,165.10608756927633,382.9749658785353,94.11572835115959,35.69022864181226,0.1268472614407644,412.0254454803545,53.963222258174326,22.90897478859518,0.2790220724008462
3/16/2022,6.538903488413095,1836.034469842234,1207.4881834085588,202.8390357,333.20650645377265,78.04308123,39.020450079755435,0.1341522769137452,418.82083201703335,44.42844824026258,23.044462689407208,0.3205596645814942
3/16/2022,6.810474517244734,2011.681441677731,1267.1115340608735,207.4101290160044,395.6645377265641,96.54539190090007,39.99359109791531,0.1,494.24865349275115,109.25870285436692,23.22395497092183,0.5347290900750867
3/23/2022,6.678129574254463,2012.1946432452326,1283.8547180853516,208.76728476216667,405.53990918213856,96.38735457972992,40.383094776122626,0.1,468.8894854953799,100.10524943559159,23.763206311646098,0.4007954164519547
3/23/2022,6.556031007295806,1682.9624578076462,1237.5587283618586,204.55117586633955,351.002386,86.70623485062859,33.32606469826467,0.12627033538803922,386.49837712560475,55.00933910864242,22.93117632645628,0.2836971265409086
3/30/2022,6.660993071161593,2008.2614556819333,1258.3357868518315,212.68217710973238,405.9662740806643,96.23362472,40.700776525463695,0.1,477.1844832061604,97.07957071714117,23.341717251297656,0.5324804964575709
3/30/2022,6.517492958416107,1736.444266,1265.8550554165088,210.40403195497464,328.3368130542798,91.17504902165572,35.60321561662362,0.13005961400390254,431.4053986040214,55.15231460986863,22.842921662886333,0.2876151503719387
4/6/2022,6.772848471900171,2012.0359097860792,1259.9754956225813,202.8106597314101,407.46523860402374,95.71726574461917,39.82420117158892,0.1,473.2912167341684,91.14504747366203,23.06559868362856,0.4950420463913774
4/6/2022,6.636460653609473,1562.4068378713575,1268.964616876994,197.56712349295344,338.94298060513745,87.36061362338543,39.61829905273813,0.10988498315188075,427.92423163864737,55.22810066667599,23.40557775502326,0.3219835591301211
4/13/2022,6.6198656095984045,1907.6674747633492,1237.4638400131457,184.4144778036788,375.6367250599569,92.34492911433796,33.196031055330835,0.11018172210065456,382.4068404405364,55.07545751725597,23.18512892706076,0.3630659612303787
4/13/2022,6.750260624,2012.1177349222787,1268.490162817402,207.1860295800973,406.96047204029327,96.18975403578864,40.34589559738973,0.1,472.0133797,95.88353221386973,22.916855138461923,0.48729314626745523
4/20/2022,6.789540764001378,2013.0600890313287,1282.298139667715,203.8279667,404.2685167787517,95.58992596013806,37.33831585248581,0.1,478.5468654,97.93574306623972,23.30525072641776,0.512339815
4/20/2022,6.563747555587867,1826.0512748201668,1135.630357296233,188.45652999815368,355.65170541241775,78.21937621053611,33.18617403324597,0.11015930711441238,417.0513067187736,53.77499694552236,23.22103030370601,0.3463250131322479
4/27/2022,6.515030118691483,1688.1449678394322,1195.6155290364425,198.75463205432953,350.61037899458734,92.85004302182267,38.60133168077458,0.11289952151000739,478.5731816646217,45.96317831185994,23.27331785370587,0.3563162369261775
4/27/2022,6.6758542319693905,2010.6827023954363,1263.2277655534226,209.7510617312997,396.8204583908508,95.81278195012561,39.89495698680843,0.1,501.36663878926726,84.40777653070424,23.364451837165618,0.6176004793121208
5/4/2022,6.7264919156309135,2007.3405522486798,1267.153982649649,211.5724142450042,399.71678676421493,96.04207230044193,39.759230845056145,0.1,468.8054627245479,94.38778834960799,22.842318681746562,0.5997668005660853
5/4/2022,6.622203544672602,1887.763677672877,1276.581714060215,165.37000379699785,399.4338916737848,89.50912604484616,31.089422066214638,0.1511957141866695,424.02130107670916,42.73699082737683,23.16037852033971,0.2673486801697995
5/11/2022,6.582082662162319,1571.2728334160572,1156.4845266455484,176.5400048720096,395.71427911562813,85.19230647645938,33.57889321882275,0.11873470935223063,442.6960249804662,40.42656645,23.44302692097448,0.2025642432413512
5/11/2022,6.664885158861478,2007.2144984036415,1265.188089696399,209.19781286702212,403.6162776286382,95.35447114996865,39.54574937637564,0.1,502.46360842544027,86.74092113945578,22.851657026434886,0.4552366262533654
5/18/2022,6.563584388855337,1838.3470111467354,1218.659209784737,205.07862025659315,359.3204717115895,78.38636947890905,33.280951898372656,0.1422419189772624,370.60904545062897,58.27744563368682,22.71263843106738,0.3471309392590909
5/18/2022,6.7751548931510825,2011.9067561059114,1273.7913369431194,212.73079762130158,396.1247521044331,95.47820997046695,38.91908040624918,0.1,469.12918421715716,117.12651209814715,23.259100106567946,0.40271677086580226
5/25/2022,6.590073321058403,1556.3881196098164,1000.4598118868302,169.3889316313721,331.88414678369867,90.34118764682341,39.768288225596066,0.12656535371135622,443.33035810266387,48.24593494657613,22.84030499757642,0.21117844658188223
5/25/2022,6.726561948071707,2006.2038711985165,1275.8720110852187,201.59351379515073,400.1683757318923,95.66694273712416,40.36485099543221,0.1,480.8326127408344,107.12846839519683,22.72154469703763,0.4549027167871018
6/1/2022,6.572472293951788,1851.7784996931066,1147.8938064406802,191.00497259842277,327.50926808377415,75.77224456707022,34.43033770018631,0.1526005039221381,501.47243355176045,44.46506844472716,23.366892312577107,0.22421093306512987
6/1/2022,6.694742124720115,2006.144516095035,1274.6130377897466,209.2618875667409,406.7255127132646,95.98570612059198,39.26461580494749,0.1,498.9272528671607,98.65289663802614,23.725753065884952,0.3722951951867871
6/8/2022,6.599543609493264,1790.493774438173,1242.3093512841563,159.14395200625884,332.35534008141656,94.17155418262648,39.018315065338335,0.11249568994217468,391.7014866102232,59.289493298385516,23.396183887783998,0.284276611
6/8/2022,6.755662836496026,2006.1877644473475,1264.8045344838147,201.9000204985081,401.04788609186136,95.97230981007135,37.698514644743405,0.1,499.5217323163717,69.86575879844634,23.189134435605887,0.4989266224473927
6/15/2022,6.583249277888965,1835.4880366335788,1072.848269,208.47719166428257,346.54612611120467,91.34799891156186,32.81947126730711,0.15350443069922823,494.83396475903106,57.2429599,23.382700024288084,0.2569970634007302
6/15/2022,6.769618881807829,2010.8376291375255,1283.382819,206.3823195,397.8082864919807,95.47681232335624,39.00487510648987,0.1,488.1439587444725,90.53651557174858,23.52646735162535,0.5824112561088021
6/22/2022,6.829878905719896,2007.6239578545838,1261.3419104387365,202.72569490636823,396.17691488590225,95.95428539055912,40.681708586832684,0.1,476.35561398548845,72.18685773424399,23.157357291197865,0.4509226695343642
6/22/2022,6.594861417268696,1646.6365240726952,1113.9640099203668,181.5317263899595,316.26466115676874,86.66870840040077,40.054273867753274,0.15187011867179756,391.2523743305515,40.86334925116262,22.767975969871586,0.31135053058564377
6/29/2022,6.752355471746921,2009.8933891355657,1270.6526334780926,207.51595468013002,407.5078197400856,96.18818361468838,39.86971605189141,0.1,480.2846756945255,89.32748553176566,23.054099529901514,0.38870583820945104
6/29/2022,6.586228342584617,1850.7097320498979,1260.5289701506147,208.4245578864711,388.4395410060083,75.72038731569725,33.35523037,0.13229244739108392,460.25057214295913,46.9154222,22.78328498367473,0.2949839069836866
7/6/2022,6.652484979793557,2009.495503696669,1266.8722601589316,206.92507403321244,402.69688263390333,95.70398755420585,40.537822114916864,0.1,483.6010725535232,74.92206795607055,23.319921263610652,0.5377598635962639
7/6/2022,6.577524736694306,1577.056976794069,1196.6639741878423,185.13511125097278,362.2592492118697,86.72823191123827,38.16477701,0.10626490675931537,489.2397721021702,55.454069206434355,23.41492304153354,0.29295825776274365
7/13/2022,6.614378304155368,1834.1056975344259,1230.3743880555048,159.3225408498835,361.28989000899287,78.47042759605287,31.74101058296188,0.1321084574773122,381.01799126263705,45.94528893524678,23.49469099323851,0.24168816322839515
7/13/2022,6.662168411573454,2013.1326785259912,1271.3450752113183,202.88897358549596,407.88267831370246,95.56885736242464,40.50616605115973,0.1,501.66506322275484,83.33855414871077,23.00971040977044,0.4321690826258243
7/20/2022,6.564149510888961,1856.3287575123843,1192.4387655443472,182.75200502891468,354.1783139218218,75.87913839154578,37.452533687790655,0.15194538752634823,487.9385207456579,46.348954466815364,23.28471480300481,0.32295406431774953
7/20/2022,6.819474534735555,2008.4922030619605,1287.7067891037948,203.8457152110625,397.7662525,95.68010054474195,37.82103416823592,0.1,504.9474174266187,84.15255748983617,23.740222488753407,0.3912406286450956
7/27/2022,6.704401143,2012.3941562953394,1260.0700501176912,210.78842305112005,404.5690151535369,96.44011306937787,38.50981596117218,0.1,490.7526467487811,75.49246759042734,22.798821619736252,0.4144927055641817
7/27/2022,6.511196470884734,1939.662915882707,979.7292475051431,195.0461161489269,387.26044467930075,87.25092729815037,40.979482209516284,0.12788656529202994,499.69474510799074,56.23442704349688,23.13100504827675,0.3004294059240711
8/3/2022,6.761721349968377,2009.431514910021,1269.709028374122,205.1986956461418,403.50875608274924,96.43261330659048,38.184471486559524,0.1,484.02841895139704,76.4649515,23.693582663035897,0.48114228046575536
8/3/2022,6.574994230940296,1957.5866068114942,1198.4232796195429,172.24665963385604,351.3949320212597,94.15651559785348,40.30334861008952,0.11539385406230598,388.8817749735923,56.97559315,22.84978860499364,0.2896432576798755
8/10/2022,6.692104154824707,2013.7106151543376,1270.9217351305733,201.19591764512109,403.4649972735807,95.76563889728583,39.93701114816447,0.1,466.8251463230135,68.69897836748501,23.60237348210501,0.61762465
8/10/2022,6.629129507341485,1626.9895174135463,1223.221965,171.5054181077777,371.4745419385494,76.16139092025904,30.853326370420344,0.13502623316952994,444.70823518091424,53.29597711973674,22.876172924023045,0.339376013
8/17/2022,6.714382357628968,2008.2727040474044,1276.1052198353652,212.4642980084974,396.7815956769612,96.50515520019293,39.90217590958879,0.1,486.34044365240226,120.05177809373001,23.715368687296348,0.4907893857754275
8/17/2022,6.560715528,1552.8447821076934,1009.5287560701161,183.9735694518169,402.29550483659574,83.99418591491028,39.40060462367102,0.14665712432667607,393.3454911985513,43.191652321419625,23.468787458053626,0.25741150680866454
8/24/2022,6.639865100847088,1788.540287324898,952.8347785225756,185.98547659200156,338.0714879087269,89.73321042583787,38.32348064571646,0.11972053002457952,454.7249360603648,42.71999030598562,23.39880014213551,0.27856334658760173
8/24/2022,6.645741460951986,2007.8258514425245,1283.1421388838103,203.24365881756924,404.90045165370015,95.72503905139396,37.721291625541475,0.1,501.59223940982264,89.36122783870411,22.719020275636925,0.3825912983352455
8/31/2022,6.798012173,2009.9826870027662,1267.8942220871847,201.85827150651485,402.9358405472232,96.45018876947256,37.76181405340649,0.1,487.9775429968775,93.25784163285395,22.86339444331196,0.5077018105485082
8/31/2022,6.562149063410926,1745.9693601123192,969.8686187272634,209.48839922075405,348.1856412249764,94.23968901829645,32.638783720021884,0.12811758773621335,416.3411569922601,48.67216532779251,22.991001302188085,0.3673849323752078
9/7/2022,6.5155291478706525,1648.5686585090605,1181.4911973225373,208.8665703533503,368.50511340801376,75.55790024199003,31.31902959733965,0.1529651978440856,402.1350459598103,46.912745133090795,23.286064139195478,0.3665285057273227
9/7/2022,6.789307394,2008.159449477916,1278.1475148475718,204.95159208342483,404.68172270248726,96.47215959831448,40.08179885001727,0.1,502.50568469337867,111.00719948381882,23.182797023685747,0.6006629875307828
9/14/2022,6.695181871148018,2006.1433523797236,1274.9246042738446,208.30319299537962,406.1680445526979,95.75006816078472,37.529445632922105,0.1,476.22108539815105,69.17386321164932,22.78119176500169,0.6025633603327466
9/14/2022,6.594752781429249,1541.8672471550167,953.2254484776164,185.03394745714425,367.5608895208305,82.17519340761022,31.894692034057073,0.1262109,406.4931106021856,47.71537697221984,23.264951081974274,0.3574457841926507
9/21/2022,6.775883907651561,2013.126770642664,1259.6236512043427,210.37751937356208,398.2930285706833,95.26445127404205,40.76784395496344,0.1,496.3282761497819,65.17943346,23.152975530560497,0.38884828240434627
9/21/2022,6.604490103246619,1901.3106485651024,1073.5250631680274,164.76180538211017,317.9331301212941,74.72670182997011,36.173608246079674,0.15233405331400046,404.04612313988076,47.307896906891386,23.290740679933553,0.2776367024166657
9/28/2022,6.815434074,2009.7664971464662,1256.1871784620314,202.74614921197391,396.8142064373597,96.68498822106172,40.27265406746627,0.1,496.2523168063461,97.51997589886993,22.706595754435536,0.5258262934237855
10/5/2022,6.7724510430438265,2006.1303806311007,1270.677340597517,202.00711165794257,396.29730544671077,96.63700994837595,38.89478319497698,0.1,474.21940126033064,98.87814076092285,23.79811513782323,0.6281032168554919
10/12/2022,6.826377178,2007.4174754704916,1263.9773021681578,211.40593118665163,399.11702908336196,96.42841719018693,39.364722951249426,0.1,478.4653186148396,110.47344571488127,22.819950076430313,0.4866642345073301
10/19/2022,6.7988873862339085,2012.2321186606084,1284.2262074524951,202.91125652870565,400.8857862817526,96.24820864367234,40.51368562885066,0.1,488.2429191670933,87.11331303146417,23.00487648158874,0.5156589955877573
10/26/2022,6.702890469150988,2009.207262799074,1269.545484127588,204.4737624571407,403.1924583839281,95.91674992958949,40.198051571266774,0.1,498.52937989605795,67.52508119047557,23.003235048771963,0.5338012280969969
11/2/2022,6.806770572754895,2007.1817611749764,1262.8123080435378,212.0173240335855,404.47350195269945,95.4572321,40.26730790510389,0.1,499.94500945262456,103.37557961239213,23.30895128,0.42761545466392126
11/9/2022,6.770572634389046,2008.6523309093643,1265.7456283484628,204.75505204405076,404.71986122446395,96.06579921482817,39.38490887947312,0.1,464.00380545962713,103.12493028228586,23.071376193555356,0.543830362
11/16/2022,6.757674191581257,2011.6069471987137,1272.8600065249095,204.97260932757763,398.30839954933657,95.60293085474714,40.560546969410275,0.1,486.5496446385815,106.00655054027577,23.44526006680957,0.48759530032051146
11/23/2022,6.663995812847577,2010.915862824103,1284.3721781131376,208.02469087856545,405.3078625,96.02835447398866,39.043793881286874,0.1,469.38090140165735,80.38824328866806,22.791133899798666,0.4951678335821727
